[{"model": "admin.logentry", "pk": 1, "fields": {"action_time": "2022-05-23T13:47:05.845Z", "user": 1, "content_type": 6, "object_id": "2", "object_repr": "user@example.com", "action_flag": 3, "change_message": ""}}, {"model": "admin.logentry", "pk": 34, "fields": {"action_time": "2022-05-23T15:50:58.605Z", "user": 1, "content_type": 35, "object_id": "1", "object_repr": "GameWeek object (1)", "action_flag": 1, "change_message": "[{\"added\": {}}]"}}, {"model": "admin.logentry", "pk": 35, "fields": {"action_time": "2022-05-23T15:51:00.659Z", "user": 1, "content_type": 35, "object_id": "2", "object_repr": "GameWeek object (2)", "action_flag": 1, "change_message": "[{\"added\": {}}]"}}, {"model": "admin.logentry", "pk": 36, "fields": {"action_time": "2022-05-23T15:51:02.102Z", "user": 1, "content_type": 35, "object_id": "3", "object_repr": "GameWeek object (3)", "action_flag": 1, "change_message": "[{\"added\": {}}]"}}, {"model": "admin.logentry", "pk": 37, "fields": {"action_time": "2022-05-23T15:51:03.502Z", "user": 1, "content_type": 35, "object_id": "4", "object_repr": "GameWeek object (4)", "action_flag": 1, "change_message": "[{\"added\": {}}]"}}, {"model": "admin.logentry", "pk": 38, "fields": {"action_time": "2022-05-23T15:51:04.838Z", "user": 1, "content_type": 35, "object_id": "5", "object_repr": "GameWeek object (5)", "action_flag": 1, "change_message": "[{\"added\": {}}]"}}, {"model": "admin.logentry", "pk": 39, "fields": {"action_time": "2022-05-23T15:51:06.210Z", "user": 1, "content_type": 35, "object_id": "6", "object_repr": "GameWeek object (6)", "action_flag": 1, "change_message": "[{\"added\": {}}]"}}, {"model": "admin.logentry", "pk": 40, "fields": {"action_time": "2022-05-23T15:51:07.577Z", "user": 1, "content_type": 35, "object_id": "7", "object_repr": "GameWeek object (7)", "action_flag": 1, "change_message": "[{\"added\": {}}]"}}, {"model": "admin.logentry", "pk": 41, "fields": {"action_time": "2022-05-23T15:51:08.729Z", "user": 1, "content_type": 35, "object_id": "8", "object_repr": "GameWeek object (8)", "action_flag": 1, "change_message": "[{\"added\": {}}]"}}, {"model": "admin.logentry", "pk": 42, "fields": {"action_time": "2022-05-23T15:52:28.272Z", "user": 1, "content_type": 36, "object_id": "1", "object_repr": "Footballer object (1)", "action_flag": 1, "change_message": "[{\"added\": {}}]"}}, {"model": "admin.logentry", "pk": 43, "fields": {"action_time": "2022-05-23T15:52:55.750Z", "user": 1, "content_type": 36, "object_id": "2", "object_repr": "Footballer object (2)", "action_flag": 1, "change_message": "[{\"added\": {}}]"}}, {"model": "admin.logentry", "pk": 44, "fields": {"action_time": "2022-05-23T15:53:04.231Z", "user": 1, "content_type": 36, "object_id": "3", "object_repr": "Footballer object (3)", "action_flag": 1, "change_message": "[{\"added\": {}}]"}}, {"model": "admin.logentry", "pk": 45, "fields": {"action_time": "2022-05-23T15:53:11.213Z", "user": 1, "content_type": 36, "object_id": "4", "object_repr": "Footballer object (4)", "action_flag": 1, "change_message": "[{\"added\": {}}]"}}, {"model": "admin.logentry", "pk": 46, "fields": {"action_time": "2022-05-23T15:53:18.473Z", "user": 1, "content_type": 36, "object_id": "5", "object_repr": "Footballer object (5)", "action_flag": 1, "change_message": "[{\"added\": {}}]"}}, {"model": "admin.logentry", "pk": 47, "fields": {"action_time": "2022-05-23T15:53:26.079Z", "user": 1, "content_type": 36, "object_id": "6", "object_repr": "Footballer object (6)", "action_flag": 1, "change_message": "[{\"added\": {}}]"}}, {"model": "admin.logentry", "pk": 48, "fields": {"action_time": "2022-05-23T15:53:40.369Z", "user": 1, "content_type": 36, "object_id": "7", "object_repr": "Footballer object (7)", "action_flag": 1, "change_message": "[{\"added\": {}}]"}}, {"model": "admin.logentry", "pk": 49, "fields": {"action_time": "2022-05-23T15:53:47.489Z", "user": 1, "content_type": 36, "object_id": "8", "object_repr": "Footballer object (8)", "action_flag": 1, "change_message": "[{\"added\": {}}]"}}, {"model": "admin.logentry", "pk": 50, "fields": {"action_time": "2022-05-23T15:53:55.090Z", "user": 1, "content_type": 36, "object_id": "9", "object_repr": "Footballer object (9)", "action_flag": 1, "change_message": "[{\"added\": {}}]"}}, {"model": "admin.logentry", "pk": 51, "fields": {"action_time": "2022-05-23T15:54:01.627Z", "user": 1, "content_type": 36, "object_id": "10", "object_repr": "Footballer object (10)", "action_flag": 1, "change_message": "[{\"added\": {}}]"}}, {"model": "admin.logentry", "pk": 52, "fields": {"action_time": "2022-05-23T15:54:07.865Z", "user": 1, "content_type": 36, "object_id": "11", "object_repr": "Footballer object (11)", "action_flag": 1, "change_message": "[{\"added\": {}}]"}}, {"model": "admin.logentry", "pk": 53, "fields": {"action_time": "2022-05-23T15:54:14.381Z", "user": 1, "content_type": 36, "object_id": "12", "object_repr": "Footballer object (12)", "action_flag": 1, "change_message": "[{\"added\": {}}]"}}, {"model": "admin.logentry", "pk": 54, "fields": {"action_time": "2022-05-23T15:54:22.955Z", "user": 1, "content_type": 36, "object_id": "13", "object_repr": "Footballer object (13)", "action_flag": 1, "change_message": "[{\"added\": {}}]"}}, {"model": "admin.logentry", "pk": 55, "fields": {"action_time": "2022-05-23T15:54:29.468Z", "user": 1, "content_type": 36, "object_id": "14", "object_repr": "Footballer object (14)", "action_flag": 1, "change_message": "[{\"added\": {}}]"}}, {"model": "admin.logentry", "pk": 56, "fields": {"action_time": "2022-05-23T15:54:37.542Z", "user": 1, "content_type": 36, "object_id": "15", "object_repr": "Footballer object (15)", "action_flag": 1, "change_message": "[{\"added\": {}}]"}}, {"model": "admin.logentry", "pk": 57, "fields": {"action_time": "2022-05-23T15:54:47.697Z", "user": 1, "content_type": 36, "object_id": "16", "object_repr": "Footballer object (16)", "action_flag": 1, "change_message": "[{\"added\": {}}]"}}, {"model": "admin.logentry", "pk": 58, "fields": {"action_time": "2022-05-23T15:54:54.610Z", "user": 1, "content_type": 36, "object_id": "17", "object_repr": "Footballer object (17)", "action_flag": 1, "change_message": "[{\"added\": {}}]"}}, {"model": "admin.logentry", "pk": 59, "fields": {"action_time": "2022-05-23T15:55:01.523Z", "user": 1, "content_type": 36, "object_id": "18", "object_repr": "Footballer object (18)", "action_flag": 1, "change_message": "[{\"added\": {}}]"}}, {"model": "admin.logentry", "pk": 60, "fields": {"action_time": "2022-05-23T15:55:09.312Z", "user": 1, "content_type": 36, "object_id": "19", "object_repr": "Footballer object (19)", "action_flag": 1, "change_message": "[{\"added\": {}}]"}}, {"model": "admin.logentry", "pk": 61, "fields": {"action_time": "2022-05-23T15:55:15.492Z", "user": 1, "content_type": 36, "object_id": "20", "object_repr": "Footballer object (20)", "action_flag": 1, "change_message": "[{\"added\": {}}]"}}, {"model": "admin.logentry", "pk": 62, "fields": {"action_time": "2022-05-23T16:52:21.287Z", "user": 1, "content_type": 37, "object_id": "1", "object_repr": "FootballerWeeksData object (1)", "action_flag": 1, "change_message": "[{\"added\": {}}]"}}, {"model": "admin.logentry", "pk": 63, "fields": {"action_time": "2022-05-23T16:52:40.043Z", "user": 1, "content_type": 37, "object_id": "2", "object_repr": "FootballerWeeksData object (2)", "action_flag": 1, "change_message": "[{\"added\": {}}]"}}, {"model": "admin.logentry", "pk": 64, "fields": {"action_time": "2022-05-23T16:52:57.515Z", "user": 1, "content_type": 37, "object_id": "2", "object_repr": "FootballerWeeksData object (2)", "action_flag": 3, "change_message": ""}}, {"model": "admin.logentry", "pk": 65, "fields": {"action_time": "2022-05-23T16:52:57.537Z", "user": 1, "content_type": 37, "object_id": "1", "object_repr": "FootballerWeeksData object (1)", "action_flag": 3, "change_message": ""}}, {"model": "auth.permission", "pk": 1, "fields": {"name": "Can add log entry", "content_type": 1, "codename": "add_logentry"}}, {"model": "auth.permission", "pk": 2, "fields": {"name": "Can change log entry", "content_type": 1, "codename": "change_logentry"}}, {"model": "auth.permission", "pk": 3, "fields": {"name": "Can delete log entry", "content_type": 1, "codename": "delete_logentry"}}, {"model": "auth.permission", "pk": 4, "fields": {"name": "Can view log entry", "content_type": 1, "codename": "view_logentry"}}, {"model": "auth.permission", "pk": 5, "fields": {"name": "Can add permission", "content_type": 2, "codename": "add_permission"}}, {"model": "auth.permission", "pk": 6, "fields": {"name": "Can change permission", "content_type": 2, "codename": "change_permission"}}, {"model": "auth.permission", "pk": 7, "fields": {"name": "Can delete permission", "content_type": 2, "codename": "delete_permission"}}, {"model": "auth.permission", "pk": 8, "fields": {"name": "Can view permission", "content_type": 2, "codename": "view_permission"}}, {"model": "auth.permission", "pk": 9, "fields": {"name": "Can add group", "content_type": 3, "codename": "add_group"}}, {"model": "auth.permission", "pk": 10, "fields": {"name": "Can change group", "content_type": 3, "codename": "change_group"}}, {"model": "auth.permission", "pk": 11, "fields": {"name": "Can delete group", "content_type": 3, "codename": "delete_group"}}, {"model": "auth.permission", "pk": 12, "fields": {"name": "Can view group", "content_type": 3, "codename": "view_group"}}, {"model": "auth.permission", "pk": 13, "fields": {"name": "Can add content type", "content_type": 4, "codename": "add_contenttype"}}, {"model": "auth.permission", "pk": 14, "fields": {"name": "Can change content type", "content_type": 4, "codename": "change_contenttype"}}, {"model": "auth.permission", "pk": 15, "fields": {"name": "Can delete content type", "content_type": 4, "codename": "delete_contenttype"}}, {"model": "auth.permission", "pk": 16, "fields": {"name": "Can view content type", "content_type": 4, "codename": "view_contenttype"}}, {"model": "auth.permission", "pk": 17, "fields": {"name": "Can add session", "content_type": 5, "codename": "add_session"}}, {"model": "auth.permission", "pk": 18, "fields": {"name": "Can change session", "content_type": 5, "codename": "change_session"}}, {"model": "auth.permission", "pk": 19, "fields": {"name": "Can delete session", "content_type": 5, "codename": "delete_session"}}, {"model": "auth.permission", "pk": 20, "fields": {"name": "Can view session", "content_type": 5, "codename": "view_session"}}, {"model": "auth.permission", "pk": 21, "fields": {"name": "Can add user", "content_type": 6, "codename": "add_user"}}, {"model": "auth.permission", "pk": 22, "fields": {"name": "Can change user", "content_type": 6, "codename": "change_user"}}, {"model": "auth.permission", "pk": 23, "fields": {"name": "Can delete user", "content_type": 6, "codename": "delete_user"}}, {"model": "auth.permission", "pk": 24, "fields": {"name": "Can view user", "content_type": 6, "codename": "view_user"}}, {"model": "auth.permission", "pk": 34, "fields": {"name": "Can add user footballer", "content_type": 34, "codename": "add_userfootballer"}}, {"model": "auth.permission", "pk": 35, "fields": {"name": "Can change user footballer", "content_type": 34, "codename": "change_userfootballer"}}, {"model": "auth.permission", "pk": 36, "fields": {"name": "Can delete user footballer", "content_type": 34, "codename": "delete_userfootballer"}}, {"model": "auth.permission", "pk": 37, "fields": {"name": "Can view user footballer", "content_type": 34, "codename": "view_userfootballer"}}, {"model": "auth.permission", "pk": 38, "fields": {"name": "Can add game week", "content_type": 35, "codename": "add_gameweek"}}, {"model": "auth.permission", "pk": 39, "fields": {"name": "Can change game week", "content_type": 35, "codename": "change_gameweek"}}, {"model": "auth.permission", "pk": 40, "fields": {"name": "Can delete game week", "content_type": 35, "codename": "delete_gameweek"}}, {"model": "auth.permission", "pk": 41, "fields": {"name": "Can view game week", "content_type": 35, "codename": "view_gameweek"}}, {"model": "auth.permission", "pk": 42, "fields": {"name": "Can add footballer", "content_type": 36, "codename": "add_footballer"}}, {"model": "auth.permission", "pk": 43, "fields": {"name": "Can change footballer", "content_type": 36, "codename": "change_footballer"}}, {"model": "auth.permission", "pk": 44, "fields": {"name": "Can delete footballer", "content_type": 36, "codename": "delete_footballer"}}, {"model": "auth.permission", "pk": 45, "fields": {"name": "Can view footballer", "content_type": 36, "codename": "view_footballer"}}, {"model": "auth.permission", "pk": 46, "fields": {"name": "Can add footballer weeks data", "content_type": 37, "codename": "add_footballerweeksdata"}}, {"model": "auth.permission", "pk": 47, "fields": {"name": "Can change footballer weeks data", "content_type": 37, "codename": "change_footballerweeksdata"}}, {"model": "auth.permission", "pk": 48, "fields": {"name": "Can delete footballer weeks data", "content_type": 37, "codename": "delete_footballerweeksdata"}}, {"model": "auth.permission", "pk": 49, "fields": {"name": "Can view footballer weeks data", "content_type": 37, "codename": "view_footballerweeksdata"}}, {"model": "contenttypes.contenttype", "pk": 1, "fields": {"app_label": "admin", "model": "logentry"}}, {"model": "contenttypes.contenttype", "pk": 2, "fields": {"app_label": "auth", "model": "permission"}}, {"model": "contenttypes.contenttype", "pk": 3, "fields": {"app_label": "auth", "model": "group"}}, {"model": "contenttypes.contenttype", "pk": 4, "fields": {"app_label": "contenttypes", "model": "contenttype"}}, {"model": "contenttypes.contenttype", "pk": 5, "fields": {"app_label": "sessions", "model": "session"}}, {"model": "contenttypes.contenttype", "pk": 6, "fields": {"app_label": "authentication", "model": "user"}}, {"model": "contenttypes.contenttype", "pk": 34, "fields": {"app_label": "authentication", "model": "userfootballer"}}, {"model": "contenttypes.contenttype", "pk": 35, "fields": {"app_label": "stock", "model": "gameweek"}}, {"model": "contenttypes.contenttype", "pk": 36, "fields": {"app_label": "stock", "model": "footballer"}}, {"model": "contenttypes.contenttype", "pk": 37, "fields": {"app_label": "stock", "model": "footballerweeksdata"}}, {"model": "sessions.session", "pk": "nzisvp8tds4drzhl7ivdpvi9bepbegtm", "fields": {"session_data": ".eJxVjDsOwjAQBe_iGlle_xJT0ucM1tq74ACypTipEHeHSCmgfTPzXiLitpa4dV7iTOIsQJx-t4T5wXUHdMd6azK3ui5zkrsiD9rl1Iifl8P9OyjYy7c2EIA0OVBgSY-GR3aswAArtkMKGKxxPoBmbfGavPbEefDk2IHPlMX7A7p8N2k:1nt5AY:fHSZOtaeIt4RohbAZ5eo5jmHRsJfX0kX5O82ezsK-Hw", "expire_date": "2022-06-06T10:20:10.600Z"}}, {"model": "authentication.user", "pk": 1, "fields": {"password": "pbkdf2_sha256$320000$DYKNogYJXDJP00q0uiRxid$fqWheRrk9CDqsify9T0RnFra+BP0PQdsW0aIgc6xkYg=", "last_login": "2022-05-23T10:20:10.584Z", "is_superuser": true, "first_name": "", "last_name": "", "is_staff": true, "is_active": true, "date_joined": "2022-05-23T10:19:53.547Z", "email": "admin@admin.com", "username": "admin", "balance": "500.00", "week": null, "groups": [], "user_permissions": []}}, {"model": "authentication.user", "pk": 3, "fields": {"password": "pbkdf2_sha256$320000$XCp0euuWgUNpE2ZhTENtz9$f/U1p0vz2gTvYF3KGueYdJNuqRv2E/BhwQzjKrYsAp0=", "last_login": null, "is_superuser": false, "first_name": "", "last_name": "", "is_staff": false, "is_active": true, "date_joined": "2022-05-23T13:49:16.234Z", "email": "user@example.com", "username": null, "balance": "500.00", "week": null, "groups": [], "user_permissions": []}}, {"model": "stock.gameweek", "pk": 1, "fields": {"number": 1}}, {"model": "stock.gameweek", "pk": 2, "fields": {"number": 2}}, {"model": "stock.gameweek", "pk": 3, "fields": {"number": 3}}, {"model": "stock.gameweek", "pk": 4, "fields": {"number": 4}}, {"model": "stock.gameweek", "pk": 5, "fields": {"number": 5}}, {"model": "stock.gameweek", "pk": 6, "fields": {"number": 6}}, {"model": "stock.gameweek", "pk": 7, "fields": {"number": 7}}, {"model": "stock.gameweek", "pk": 8, "fields": {"number": 8}}, {"model": "stock.footballer", "pk": 1, "fields": {"name": "Kylian Mbappé", "start_price": "21.63"}}, {"model": "stock.footballer", "pk": 2, "fields": {"name": "Lionel Messi", "start_price": "20.77"}}, {"model": "stock.footballer", "pk": 3, "fields": {"name": "Cristiano Ronaldo", "start_price": "20.12"}}, {"model": "stock.footballer", "pk": 4, "fields": {"name": "Neymar", "start_price": "19.84"}}, {"model": "stock.footballer", "pk": 5, "fields": {"name": "Kevin De Bruyne", "start_price": "19.39"}}, {"model": "stock.footballer", "pk": 6, "fields": {"name": "Bruno Fernandes", "start_price": "19.07"}}, {"model": "stock.footballer", "pk": 7, "fields": {"name": "Paul Pogba", "start_price": "18.99"}}, {"model": "stock.footballer", "pk": 8, "fields": {"name": "Jack Grealish", "start_price": "18.85"}}, {"model": "stock.footballer", "pk": 9, "fields": {"name": "Harry Kane", "start_price": "18.22"}}, {"model": "stock.footballer", "pk": 10, "fields": {"name": "Jadon Sancho", "start_price": "18.01"}}, {"model": "stock.footballer", "pk": 11, "fields": {"name": "Erling Haaland", "start_price": "17.86"}}, {"model": "stock.footballer", "pk": 12, "fields": {"name": "Joshua Kimmich", "start_price": "17.71"}}, {"model": "stock.footballer", "pk": 13, "fields": {"name": "Raheem Sterling", "start_price": "17.50"}}, {"model": "stock.footballer", "pk": 14, "fields": {"name": "Marcus Rashford", "start_price": "17.34"}}, {"model": "stock.footballer", "pk": 15, "fields": {"name": "Trent Alexander-Arnold", "start_price": "16.96"}}, {"model": "stock.footballer", "pk": 16, "fields": {"name": "Heung-min Son", "start_price": "16.80"}}, {"model": "stock.footballer", "pk": 17, "fields": {"name": "Phil Foden", "start_price": "16.67"}}, {"model": "stock.footballer", "pk": 18, "fields": {"name": "Mohamed Salah", "start_price": "16.28"}}, {"model": "stock.footballer", "pk": 19, "fields": {"name": "Mason Mount", "start_price": "16.14"}}, {"model": "stock.footballer", "pk": 20, "fields": {"name": "Sadio Mané", "start_price": "15.93"}}, {"model": "stock.footballerweeksdata", "pk": 3, "fields": {"week": 1, "footballer": 1, "perfomance": 3886, "hix": "19.12"}}, {"model": "stock.footballerweeksdata", "pk": 4, "fields": {"week": 2, "footballer": 1, "perfomance": 2651, "hix": "18.35"}}, {"model": "stock.footballerweeksdata", "pk": 5, "fields": {"week": 3, "footballer": 1, "perfomance": 2314, "hix": "16.88"}}, {"model": "stock.footballerweeksdata", "pk": 6, "fields": {"week": 4, "footballer": 1, "perfomance": 2403, "hix": "19.08"}}, {"model": "stock.footballerweeksdata", "pk": 7, "fields": {"week": 5, "footballer": 1, "perfomance": 4120, "hix": "21.75"}}, {"model": "stock.footballerweeksdata", "pk": 8, "fields": {"week": 6, "footballer": 1, "perfomance": 3929, "hix": "20.44"}}, {"model": "stock.footballerweeksdata", "pk": 9, "fields": {"week": 7, "footballer": 1, "perfomance": 2058, "hix": "19.63"}}, {"model": "stock.footballerweeksdata", "pk": 10, "fields": {"week": 8, "footballer": 1, "perfomance": 1634, "hix": "18.84"}}, {"model": "stock.footballerweeksdata", "pk": 11, "fields": {"week": 1, "footballer": 2, "perfomance": 3886, "hix": "19.12"}}, {"model": "stock.footballerweeksdata", "pk": 12, "fields": {"week": 2, "footballer": 2, "perfomance": 2651, "hix": "18.35"}}, {"model": "stock.footballerweeksdata", "pk": 13, "fields": {"week": 3, "footballer": 2, "perfomance": 2314, "hix": "16.88"}}, {"model": "stock.footballerweeksdata", "pk": 14, "fields": {"week": 4, "footballer": 2, "perfomance": 2403, "hix": "19.08"}}, {"model": "stock.footballerweeksdata", "pk": 15, "fields": {"week": 5, "footballer": 2, "perfomance": 4120, "hix": "21.75"}}, {"model": "stock.footballerweeksdata", "pk": 16, "fields": {"week": 6, "footballer": 2, "perfomance": 3929, "hix": "20.44"}}, {"model": "stock.footballerweeksdata", "pk": 17, "fields": {"week": 7, "footballer": 2, "perfomance": 2058, "hix": "19.63"}}, {"model": "stock.footballerweeksdata", "pk": 18, "fields": {"week": 8, "footballer": 2, "perfomance": 1634, "hix": "18.84"}}, {"model": "stock.footballerweeksdata", "pk": 19, "fields": {"week": 1, "footballer": 3, "perfomance": 3886, "hix": "19.12"}}, {"model": "stock.footballerweeksdata", "pk": 20, "fields": {"week": 2, "footballer": 3, "perfomance": 2651, "hix": "18.35"}}, {"model": "stock.footballerweeksdata", "pk": 21, "fields": {"week": 3, "footballer": 3, "perfomance": 2314, "hix": "16.88"}}, {"model": "stock.footballerweeksdata", "pk": 22, "fields": {"week": 4, "footballer": 3, "perfomance": 2403, "hix": "19.08"}}, {"model": "stock.footballerweeksdata", "pk": 23, "fields": {"week": 5, "footballer": 3, "perfomance": 4120, "hix": "21.75"}}, {"model": "stock.footballerweeksdata", "pk": 24, "fields": {"week": 6, "footballer": 3, "perfomance": 3929, "hix": "20.44"}}, {"model": "stock.footballerweeksdata", "pk": 25, "fields": {"week": 7, "footballer": 3, "perfomance": 2058, "hix": "19.63"}}, {"model": "stock.footballerweeksdata", "pk": 26, "fields": {"week": 8, "footballer": 3, "perfomance": 1634, "hix": "18.84"}}, {"model": "stock.footballerweeksdata", "pk": 27, "fields": {"week": 1, "footballer": 4, "perfomance": 3886, "hix": "19.12"}}, {"model": "stock.footballerweeksdata", "pk": 28, "fields": {"week": 2, "footballer": 4, "perfomance": 2651, "hix": "18.35"}}, {"model": "stock.footballerweeksdata", "pk": 29, "fields": {"week": 3, "footballer": 4, "perfomance": 2314, "hix": "16.88"}}, {"model": "stock.footballerweeksdata", "pk": 30, "fields": {"week": 4, "footballer": 4, "perfomance": 2403, "hix": "19.08"}}, {"model": "stock.footballerweeksdata", "pk": 31, "fields": {"week": 5, "footballer": 4, "perfomance": 4120, "hix": "21.75"}}, {"model": "stock.footballerweeksdata", "pk": 32, "fields": {"week": 6, "footballer": 4, "perfomance": 3929, "hix": "20.44"}}, {"model": "stock.footballerweeksdata", "pk": 33, "fields": {"week": 7, "footballer": 4, "perfomance": 2058, "hix": "19.63"}}, {"model": "stock.footballerweeksdata", "pk": 34, "fields": {"week": 8, "footballer": 4, "perfomance": 1634, "hix": "18.84"}}, {"model": "stock.footballerweeksdata", "pk": 35, "fields": {"week": 1, "footballer": 5, "perfomance": 3886, "hix": "19.12"}}, {"model": "stock.footballerweeksdata", "pk": 36, "fields": {"week": 2, "footballer": 5, "perfomance": 2651, "hix": "18.35"}}, {"model": "stock.footballerweeksdata", "pk": 37, "fields": {"week": 3, "footballer": 5, "perfomance": 2314, "hix": "16.88"}}, {"model": "stock.footballerweeksdata", "pk": 38, "fields": {"week": 4, "footballer": 5, "perfomance": 2403, "hix": "19.08"}}, {"model": "stock.footballerweeksdata", "pk": 39, "fields": {"week": 5, "footballer": 5, "perfomance": 4120, "hix": "21.75"}}, {"model": "stock.footballerweeksdata", "pk": 40, "fields": {"week": 6, "footballer": 5, "perfomance": 3929, "hix": "20.44"}}, {"model": "stock.footballerweeksdata", "pk": 41, "fields": {"week": 7, "footballer": 5, "perfomance": 2058, "hix": "19.63"}}, {"model": "stock.footballerweeksdata", "pk": 42, "fields": {"week": 8, "footballer": 5, "perfomance": 1634, "hix": "18.84"}}, {"model": "stock.footballerweeksdata", "pk": 43, "fields": {"week": 1, "footballer": 6, "perfomance": 3886, "hix": "19.12"}}, {"model": "stock.footballerweeksdata", "pk": 44, "fields": {"week": 2, "footballer": 6, "perfomance": 2651, "hix": "18.35"}}, {"model": "stock.footballerweeksdata", "pk": 45, "fields": {"week": 3, "footballer": 6, "perfomance": 2314, "hix": "16.88"}}, {"model": "stock.footballerweeksdata", "pk": 46, "fields": {"week": 4, "footballer": 6, "perfomance": 2403, "hix": "19.08"}}, {"model": "stock.footballerweeksdata", "pk": 47, "fields": {"week": 5, "footballer": 6, "perfomance": 4120, "hix": "21.75"}}, {"model": "stock.footballerweeksdata", "pk": 48, "fields": {"week": 6, "footballer": 6, "perfomance": 3929, "hix": "20.44"}}, {"model": "stock.footballerweeksdata", "pk": 49, "fields": {"week": 7, "footballer": 6, "perfomance": 2058, "hix": "19.63"}}, {"model": "stock.footballerweeksdata", "pk": 50, "fields": {"week": 8, "footballer": 6, "perfomance": 1634, "hix": "18.84"}}, {"model": "stock.footballerweeksdata", "pk": 51, "fields": {"week": 1, "footballer": 7, "perfomance": 3886, "hix": "19.12"}}, {"model": "stock.footballerweeksdata", "pk": 52, "fields": {"week": 2, "footballer": 7, "perfomance": 2651, "hix": "18.35"}}, {"model": "stock.footballerweeksdata", "pk": 53, "fields": {"week": 3, "footballer": 7, "perfomance": 2314, "hix": "16.88"}}, {"model": "stock.footballerweeksdata", "pk": 54, "fields": {"week": 4, "footballer": 7, "perfomance": 2403, "hix": "19.08"}}, {"model": "stock.footballerweeksdata", "pk": 55, "fields": {"week": 5, "footballer": 7, "perfomance": 4120, "hix": "21.75"}}, {"model": "stock.footballerweeksdata", "pk": 56, "fields": {"week": 6, "footballer": 7, "perfomance": 3929, "hix": "20.44"}}, {"model": "stock.footballerweeksdata", "pk": 57, "fields": {"week": 7, "footballer": 7, "perfomance": 2058, "hix": "19.63"}}, {"model": "stock.footballerweeksdata", "pk": 58, "fields": {"week": 8, "footballer": 7, "perfomance": 1634, "hix": "18.84"}}, {"model": "stock.footballerweeksdata", "pk": 59, "fields": {"week": 1, "footballer": 8, "perfomance": 3886, "hix": "19.12"}}, {"model": "stock.footballerweeksdata", "pk": 60, "fields": {"week": 2, "footballer": 8, "perfomance": 2651, "hix": "18.35"}}, {"model": "stock.footballerweeksdata", "pk": 61, "fields": {"week": 3, "footballer": 8, "perfomance": 2314, "hix": "16.88"}}, {"model": "stock.footballerweeksdata", "pk": 62, "fields": {"week": 4, "footballer": 8, "perfomance": 2403, "hix": "19.08"}}, {"model": "stock.footballerweeksdata", "pk": 63, "fields": {"week": 5, "footballer": 8, "perfomance": 4120, "hix": "21.75"}}, {"model": "stock.footballerweeksdata", "pk": 64, "fields": {"week": 6, "footballer": 8, "perfomance": 3929, "hix": "20.44"}}, {"model": "stock.footballerweeksdata", "pk": 65, "fields": {"week": 7, "footballer": 8, "perfomance": 2058, "hix": "19.63"}}, {"model": "stock.footballerweeksdata", "pk": 66, "fields": {"week": 8, "footballer": 8, "perfomance": 1634, "hix": "18.84"}}, {"model": "stock.footballerweeksdata", "pk": 67, "fields": {"week": 1, "footballer": 9, "perfomance": 3886, "hix": "19.12"}}, {"model": "stock.footballerweeksdata", "pk": 68, "fields": {"week": 2, "footballer": 9, "perfomance": 2651, "hix": "18.35"}}, {"model": "stock.footballerweeksdata", "pk": 69, "fields": {"week": 3, "footballer": 9, "perfomance": 2314, "hix": "16.88"}}, {"model": "stock.footballerweeksdata", "pk": 70, "fields": {"week": 4, "footballer": 9, "perfomance": 2403, "hix": "19.08"}}, {"model": "stock.footballerweeksdata", "pk": 71, "fields": {"week": 5, "footballer": 9, "perfomance": 4120, "hix": "21.75"}}, {"model": "stock.footballerweeksdata", "pk": 72, "fields": {"week": 6, "footballer": 9, "perfomance": 3929, "hix": "20.44"}}, {"model": "stock.footballerweeksdata", "pk": 73, "fields": {"week": 7, "footballer": 9, "perfomance": 2058, "hix": "19.63"}}, {"model": "stock.footballerweeksdata", "pk": 74, "fields": {"week": 8, "footballer": 9, "perfomance": 1634, "hix": "18.84"}}, {"model": "stock.footballerweeksdata", "pk": 75, "fields": {"week": 1, "footballer": 10, "perfomance": 3886, "hix": "19.12"}}, {"model": "stock.footballerweeksdata", "pk": 76, "fields": {"week": 2, "footballer": 10, "perfomance": 2651, "hix": "18.35"}}, {"model": "stock.footballerweeksdata", "pk": 77, "fields": {"week": 3, "footballer": 10, "perfomance": 2314, "hix": "16.88"}}, {"model": "stock.footballerweeksdata", "pk": 78, "fields": {"week": 4, "footballer": 10, "perfomance": 2403, "hix": "19.08"}}, {"model": "stock.footballerweeksdata", "pk": 79, "fields": {"week": 5, "footballer": 10, "perfomance": 4120, "hix": "21.75"}}, {"model": "stock.footballerweeksdata", "pk": 80, "fields": {"week": 6, "footballer": 10, "perfomance": 3929, "hix": "20.44"}}, {"model": "stock.footballerweeksdata", "pk": 81, "fields": {"week": 7, "footballer": 10, "perfomance": 2058, "hix": "19.63"}}, {"model": "stock.footballerweeksdata", "pk": 82, "fields": {"week": 8, "footballer": 10, "perfomance": 1634, "hix": "18.84"}}, {"model": "stock.footballerweeksdata", "pk": 83, "fields": {"week": 1, "footballer": 11, "perfomance": 3886, "hix": "19.12"}}, {"model": "stock.footballerweeksdata", "pk": 84, "fields": {"week": 2, "footballer": 11, "perfomance": 2651, "hix": "18.35"}}, {"model": "stock.footballerweeksdata", "pk": 85, "fields": {"week": 3, "footballer": 11, "perfomance": 2314, "hix": "16.88"}}, {"model": "stock.footballerweeksdata", "pk": 86, "fields": {"week": 4, "footballer": 11, "perfomance": 2403, "hix": "19.08"}}, {"model": "stock.footballerweeksdata", "pk": 87, "fields": {"week": 5, "footballer": 11, "perfomance": 4120, "hix": "21.75"}}, {"model": "stock.footballerweeksdata", "pk": 88, "fields": {"week": 6, "footballer": 11, "perfomance": 3929, "hix": "20.44"}}, {"model": "stock.footballerweeksdata", "pk": 89, "fields": {"week": 7, "footballer": 11, "perfomance": 2058, "hix": "19.63"}}, {"model": "stock.footballerweeksdata", "pk": 90, "fields": {"week": 8, "footballer": 11, "perfomance": 1634, "hix": "18.84"}}, {"model": "stock.footballerweeksdata", "pk": 91, "fields": {"week": 1, "footballer": 12, "perfomance": 3886, "hix": "19.12"}}, {"model": "stock.footballerweeksdata", "pk": 92, "fields": {"week": 2, "footballer": 12, "perfomance": 2651, "hix": "18.35"}}, {"model": "stock.footballerweeksdata", "pk": 93, "fields": {"week": 3, "footballer": 12, "perfomance": 2314, "hix": "16.88"}}, {"model": "stock.footballerweeksdata", "pk": 94, "fields": {"week": 4, "footballer": 12, "perfomance": 2403, "hix": "19.08"}}, {"model": "stock.footballerweeksdata", "pk": 95, "fields": {"week": 5, "footballer": 12, "perfomance": 4120, "hix": "21.75"}}, {"model": "stock.footballerweeksdata", "pk": 96, "fields": {"week": 6, "footballer": 12, "perfomance": 3929, "hix": "20.44"}}, {"model": "stock.footballerweeksdata", "pk": 97, "fields": {"week": 7, "footballer": 12, "perfomance": 2058, "hix": "19.63"}}, {"model": "stock.footballerweeksdata", "pk": 98, "fields": {"week": 8, "footballer": 12, "perfomance": 1634, "hix": "18.84"}}, {"model": "stock.footballerweeksdata", "pk": 99, "fields": {"week": 1, "footballer": 13, "perfomance": 3886, "hix": "19.12"}}, {"model": "stock.footballerweeksdata", "pk": 100, "fields": {"week": 2, "footballer": 13, "perfomance": 2651, "hix": "18.35"}}, {"model": "stock.footballerweeksdata", "pk": 101, "fields": {"week": 3, "footballer": 13, "perfomance": 2314, "hix": "16.88"}}, {"model": "stock.footballerweeksdata", "pk": 102, "fields": {"week": 4, "footballer": 13, "perfomance": 2403, "hix": "19.08"}}, {"model": "stock.footballerweeksdata", "pk": 103, "fields": {"week": 5, "footballer": 13, "perfomance": 4120, "hix": "21.75"}}, {"model": "stock.footballerweeksdata", "pk": 104, "fields": {"week": 6, "footballer": 13, "perfomance": 3929, "hix": "20.44"}}, {"model": "stock.footballerweeksdata", "pk": 105, "fields": {"week": 7, "footballer": 13, "perfomance": 2058, "hix": "19.63"}}, {"model": "stock.footballerweeksdata", "pk": 106, "fields": {"week": 8, "footballer": 13, "perfomance": 1634, "hix": "18.84"}}, {"model": "stock.footballerweeksdata", "pk": 107, "fields": {"week": 1, "footballer": 14, "perfomance": 3886, "hix": "19.12"}}, {"model": "stock.footballerweeksdata", "pk": 108, "fields": {"week": 2, "footballer": 14, "perfomance": 2651, "hix": "18.35"}}, {"model": "stock.footballerweeksdata", "pk": 109, "fields": {"week": 3, "footballer": 14, "perfomance": 2314, "hix": "16.88"}}, {"model": "stock.footballerweeksdata", "pk": 110, "fields": {"week": 4, "footballer": 14, "perfomance": 2403, "hix": "19.08"}}, {"model": "stock.footballerweeksdata", "pk": 111, "fields": {"week": 5, "footballer": 14, "perfomance": 4120, "hix": "21.75"}}, {"model": "stock.footballerweeksdata", "pk": 112, "fields": {"week": 6, "footballer": 14, "perfomance": 3929, "hix": "20.44"}}, {"model": "stock.footballerweeksdata", "pk": 113, "fields": {"week": 7, "footballer": 14, "perfomance": 2058, "hix": "19.63"}}, {"model": "stock.footballerweeksdata", "pk": 114, "fields": {"week": 8, "footballer": 14, "perfomance": 1634, "hix": "18.84"}}, {"model": "stock.footballerweeksdata", "pk": 115, "fields": {"week": 1, "footballer": 15, "perfomance": 3886, "hix": "19.12"}}, {"model": "stock.footballerweeksdata", "pk": 116, "fields": {"week": 2, "footballer": 15, "perfomance": 2651, "hix": "18.35"}}, {"model": "stock.footballerweeksdata", "pk": 117, "fields": {"week": 3, "footballer": 15, "perfomance": 2314, "hix": "16.88"}}, {"model": "stock.footballerweeksdata", "pk": 118, "fields": {"week": 4, "footballer": 15, "perfomance": 2403, "hix": "19.08"}}, {"model": "stock.footballerweeksdata", "pk": 119, "fields": {"week": 5, "footballer": 15, "perfomance": 4120, "hix": "21.75"}}, {"model": "stock.footballerweeksdata", "pk": 120, "fields": {"week": 6, "footballer": 15, "perfomance": 3929, "hix": "20.44"}}, {"model": "stock.footballerweeksdata", "pk": 121, "fields": {"week": 7, "footballer": 15, "perfomance": 2058, "hix": "19.63"}}, {"model": "stock.footballerweeksdata", "pk": 122, "fields": {"week": 8, "footballer": 15, "perfomance": 1634, "hix": "18.84"}}, {"model": "stock.footballerweeksdata", "pk": 123, "fields": {"week": 1, "footballer": 16, "perfomance": 3886, "hix": "19.12"}}, {"model": "stock.footballerweeksdata", "pk": 124, "fields": {"week": 2, "footballer": 16, "perfomance": 2651, "hix": "18.35"}}, {"model": "stock.footballerweeksdata", "pk": 125, "fields": {"week": 3, "footballer": 16, "perfomance": 2314, "hix": "16.88"}}, {"model": "stock.footballerweeksdata", "pk": 126, "fields": {"week": 4, "footballer": 16, "perfomance": 2403, "hix": "19.08"}}, {"model": "stock.footballerweeksdata", "pk": 127, "fields": {"week": 5, "footballer": 16, "perfomance": 4120, "hix": "21.75"}}, {"model": "stock.footballerweeksdata", "pk": 128, "fields": {"week": 6, "footballer": 16, "perfomance": 3929, "hix": "20.44"}}, {"model": "stock.footballerweeksdata", "pk": 129, "fields": {"week": 7, "footballer": 16, "perfomance": 2058, "hix": "19.63"}}, {"model": "stock.footballerweeksdata", "pk": 130, "fields": {"week": 8, "footballer": 16, "perfomance": 1634, "hix": "18.84"}}, {"model": "stock.footballerweeksdata", "pk": 131, "fields": {"week": 1, "footballer": 17, "perfomance": 3886, "hix": "19.12"}}, {"model": "stock.footballerweeksdata", "pk": 132, "fields": {"week": 2, "footballer": 17, "perfomance": 2651, "hix": "18.35"}}, {"model": "stock.footballerweeksdata", "pk": 133, "fields": {"week": 3, "footballer": 17, "perfomance": 2314, "hix": "16.88"}}, {"model": "stock.footballerweeksdata", "pk": 134, "fields": {"week": 4, "footballer": 17, "perfomance": 2403, "hix": "19.08"}}, {"model": "stock.footballerweeksdata", "pk": 135, "fields": {"week": 5, "footballer": 17, "perfomance": 4120, "hix": "21.75"}}, {"model": "stock.footballerweeksdata", "pk": 136, "fields": {"week": 6, "footballer": 17, "perfomance": 3929, "hix": "20.44"}}, {"model": "stock.footballerweeksdata", "pk": 137, "fields": {"week": 7, "footballer": 17, "perfomance": 2058, "hix": "19.63"}}, {"model": "stock.footballerweeksdata", "pk": 138, "fields": {"week": 8, "footballer": 17, "perfomance": 1634, "hix": "18.84"}}, {"model": "stock.footballerweeksdata", "pk": 139, "fields": {"week": 1, "footballer": 18, "perfomance": 3886, "hix": "19.12"}}, {"model": "stock.footballerweeksdata", "pk": 140, "fields": {"week": 2, "footballer": 18, "perfomance": 2651, "hix": "18.35"}}, {"model": "stock.footballerweeksdata", "pk": 141, "fields": {"week": 3, "footballer": 18, "perfomance": 2314, "hix": "16.88"}}, {"model": "stock.footballerweeksdata", "pk": 142, "fields": {"week": 4, "footballer": 18, "perfomance": 2403, "hix": "19.08"}}, {"model": "stock.footballerweeksdata", "pk": 143, "fields": {"week": 5, "footballer": 18, "perfomance": 4120, "hix": "21.75"}}, {"model": "stock.footballerweeksdata", "pk": 144, "fields": {"week": 6, "footballer": 18, "perfomance": 3929, "hix": "20.44"}}, {"model": "stock.footballerweeksdata", "pk": 145, "fields": {"week": 7, "footballer": 18, "perfomance": 2058, "hix": "19.63"}}, {"model": "stock.footballerweeksdata", "pk": 146, "fields": {"week": 8, "footballer": 18, "perfomance": 1634, "hix": "18.84"}}, {"model": "stock.footballerweeksdata", "pk": 147, "fields": {"week": 1, "footballer": 19, "perfomance": 3886, "hix": "19.12"}}, {"model": "stock.footballerweeksdata", "pk": 148, "fields": {"week": 2, "footballer": 19, "perfomance": 2651, "hix": "18.35"}}, {"model": "stock.footballerweeksdata", "pk": 149, "fields": {"week": 3, "footballer": 19, "perfomance": 2314, "hix": "16.88"}}, {"model": "stock.footballerweeksdata", "pk": 150, "fields": {"week": 4, "footballer": 19, "perfomance": 2403, "hix": "19.08"}}, {"model": "stock.footballerweeksdata", "pk": 151, "fields": {"week": 5, "footballer": 19, "perfomance": 4120, "hix": "21.75"}}, {"model": "stock.footballerweeksdata", "pk": 152, "fields": {"week": 6, "footballer": 19, "perfomance": 3929, "hix": "20.44"}}, {"model": "stock.footballerweeksdata", "pk": 153, "fields": {"week": 7, "footballer": 19, "perfomance": 2058, "hix": "19.63"}}, {"model": "stock.footballerweeksdata", "pk": 154, "fields": {"week": 8, "footballer": 19, "perfomance": 1634, "hix": "18.84"}}, {"model": "stock.footballerweeksdata", "pk": 155, "fields": {"week": 1, "footballer": 20, "perfomance": 3886, "hix": "19.12"}}, {"model": "stock.footballerweeksdata", "pk": 156, "fields": {"week": 2, "footballer": 20, "perfomance": 2651, "hix": "18.35"}}, {"model": "stock.footballerweeksdata", "pk": 157, "fields": {"week": 3, "footballer": 20, "perfomance": 2314, "hix": "16.88"}}, {"model": "stock.footballerweeksdata", "pk": 158, "fields": {"week": 4, "footballer": 20, "perfomance": 2403, "hix": "19.08"}}, {"model": "stock.footballerweeksdata", "pk": 159, "fields": {"week": 5, "footballer": 20, "perfomance": 4120, "hix": "21.75"}}, {"model": "stock.footballerweeksdata", "pk": 160, "fields": {"week": 6, "footballer": 20, "perfomance": 3929, "hix": "20.44"}}, {"model": "stock.footballerweeksdata", "pk": 161, "fields": {"week": 7, "footballer": 20, "perfomance": 2058, "hix": "19.63"}}, {"model": "stock.footballerweeksdata", "pk": 162, "fields": {"week": 8, "footballer": 20, "perfomance": 1634, "hix": "18.84"}}]