[{"model": "admin.logentry", "pk": 1, "fields": {"action_time": "2022-05-23T13:47:05.845Z", "user": 1, "content_type": 6, "object_id": "2", "object_repr": "user@example.com", "action_flag": 3, "change_message": ""}}, {"model": "admin.logentry", "pk": 34, "fields": {"action_time": "2022-05-23T15:50:58.605Z", "user": 1, "content_type": 35, "object_id": "1", "object_repr": "GameWeek object (1)", "action_flag": 1, "change_message": "[{\"added\": {}}]"}}, {"model": "admin.logentry", "pk": 35, "fields": {"action_time": "2022-05-23T15:51:00.659Z", "user": 1, "content_type": 35, "object_id": "2", "object_repr": "GameWeek object (2)", "action_flag": 1, "change_message": "[{\"added\": {}}]"}}, {"model": "admin.logentry", "pk": 36, "fields": {"action_time": "2022-05-23T15:51:02.102Z", "user": 1, "content_type": 35, "object_id": "3", "object_repr": "GameWeek object (3)", "action_flag": 1, "change_message": "[{\"added\": {}}]"}}, {"model": "admin.logentry", "pk": 37, "fields": {"action_time": "2022-05-23T15:51:03.502Z", "user": 1, "content_type": 35, "object_id": "4", "object_repr": "GameWeek object (4)", "action_flag": 1, "change_message": "[{\"added\": {}}]"}}, {"model": "admin.logentry", "pk": 38, "fields": {"action_time": "2022-05-23T15:51:04.838Z", "user": 1, "content_type": 35, "object_id": "5", "object_repr": "GameWeek object (5)", "action_flag": 1, "change_message": "[{\"added\": {}}]"}}, {"model": "admin.logentry", "pk": 39, "fields": {"action_time": "2022-05-23T15:51:06.210Z", "user": 1, "content_type": 35, "object_id": "6", "object_repr": "GameWeek object (6)", "action_flag": 1, "change_message": "[{\"added\": {}}]"}}, {"model": "admin.logentry", "pk": 40, "fields": {"action_time": "2022-05-23T15:51:07.577Z", "user": 1, "content_type": 35, "object_id": "7", "object_repr": "GameWeek object (7)", "action_flag": 1, "change_message": "[{\"added\": {}}]"}}, {"model": "admin.logentry", "pk": 41, "fields": {"action_time": "2022-05-23T15:51:08.729Z", "user": 1, "content_type": 35, "object_id": "8", "object_repr": "GameWeek object (8)", "action_flag": 1, "change_message": "[{\"added\": {}}]"}}, {"model": "admin.logentry", "pk": 42, "fields": {"action_time": "2022-05-23T15:52:28.272Z", "user": 1, "content_type": 36, "object_id": "1", "object_repr": "Footballer object (1)", "action_flag": 1, "change_message": "[{\"added\": {}}]"}}, {"model": "admin.logentry", "pk": 43, "fields": {"action_time": "2022-05-23T15:52:55.750Z", "user": 1, "content_type": 36, "object_id": "2", "object_repr": "Footballer object (2)", "action_flag": 1, "change_message": "[{\"added\": {}}]"}}, {"model": "admin.logentry", "pk": 44, "fields": {"action_time": "2022-05-23T15:53:04.231Z", "user": 1, "content_type": 36, "object_id": "3", "object_repr": "Footballer object (3)", "action_flag": 1, "change_message": "[{\"added\": {}}]"}}, {"model": "admin.logentry", "pk": 45, "fields": {"action_time": "2022-05-23T15:53:11.213Z", "user": 1, "content_type": 36, "object_id": "4", "object_repr": "Footballer object (4)", "action_flag": 1, "change_message": "[{\"added\": {}}]"}}, {"model": "admin.logentry", "pk": 46, "fields": {"action_time": "2022-05-23T15:53:18.473Z", "user": 1, "content_type": 36, "object_id": "5", "object_repr": "Footballer object (5)", "action_flag": 1, "change_message": "[{\"added\": {}}]"}}, {"model": "admin.logentry", "pk": 47, "fields": {"action_time": "2022-05-23T15:53:26.079Z", "user": 1, "content_type": 36, "object_id": "6", "object_repr": "Footballer object (6)", "action_flag": 1, "change_message": "[{\"added\": {}}]"}}, {"model": "admin.logentry", "pk": 48, "fields": {"action_time": "2022-05-23T15:53:40.369Z", "user": 1, "content_type": 36, "object_id": "7", "object_repr": "Footballer object (7)", "action_flag": 1, "change_message": "[{\"added\": {}}]"}}, {"model": "admin.logentry", "pk": 49, "fields": {"action_time": "2022-05-23T15:53:47.489Z", "user": 1, "content_type": 36, "object_id": "8", "object_repr": "Footballer object (8)", "action_flag": 1, "change_message": "[{\"added\": {}}]"}}, {"model": "admin.logentry", "pk": 50, "fields": {"action_time": "2022-05-23T15:53:55.090Z", "user": 1, "content_type": 36, "object_id": "9", "object_repr": "Footballer object (9)", "action_flag": 1, "change_message": "[{\"added\": {}}]"}}, {"model": "admin.logentry", "pk": 51, "fields": {"action_time": "2022-05-23T15:54:01.627Z", "user": 1, "content_type": 36, "object_id": "10", "object_repr": "Footballer object (10)", "action_flag": 1, "change_message": "[{\"added\": {}}]"}}, {"model": "admin.logentry", "pk": 52, "fields": {"action_time": "2022-05-23T15:54:07.865Z", "user": 1, "content_type": 36, "object_id": "11", "object_repr": "Footballer object (11)", "action_flag": 1, "change_message": "[{\"added\": {}}]"}}, {"model": "admin.logentry", "pk": 53, "fields": {"action_time": "2022-05-23T15:54:14.381Z", "user": 1, "content_type": 36, "object_id": "12", "object_repr": "Footballer object (12)", "action_flag": 1, "change_message": "[{\"added\": {}}]"}}, {"model": "admin.logentry", "pk": 54, "fields": {"action_time": "2022-05-23T15:54:22.955Z", "user": 1, "content_type": 36, "object_id": "13", "object_repr": "Footballer object (13)", "action_flag": 1, "change_message": "[{\"added\": {}}]"}}, {"model": "admin.logentry", "pk": 55, "fields": {"action_time": "2022-05-23T15:54:29.468Z", "user": 1, "content_type": 36, "object_id": "14", "object_repr": "Footballer object (14)", "action_flag": 1, "change_message": "[{\"added\": {}}]"}}, {"model": "admin.logentry", "pk": 56, "fields": {"action_time": "2022-05-23T15:54:37.542Z", "user": 1, "content_type": 36, "object_id": "15", "object_repr": "Footballer object (15)", "action_flag": 1, "change_message": "[{\"added\": {}}]"}}, {"model": "admin.logentry", "pk": 57, "fields": {"action_time": "2022-05-23T15:54:47.697Z", "user": 1, "content_type": 36, "object_id": "16", "object_repr": "Footballer object (16)", "action_flag": 1, "change_message": "[{\"added\": {}}]"}}, {"model": "admin.logentry", "pk": 58, "fields": {"action_time": "2022-05-23T15:54:54.610Z", "user": 1, "content_type": 36, "object_id": "17", "object_repr": "Footballer object (17)", "action_flag": 1, "change_message": "[{\"added\": {}}]"}}, {"model": "admin.logentry", "pk": 59, "fields": {"action_time": "2022-05-23T15:55:01.523Z", "user": 1, "content_type": 36, "object_id": "18", "object_repr": "Footballer object (18)", "action_flag": 1, "change_message": "[{\"added\": {}}]"}}, {"model": "admin.logentry", "pk": 60, "fields": {"action_time": "2022-05-23T15:55:09.312Z", "user": 1, "content_type": 36, "object_id": "19", "object_repr": "Footballer object (19)", "action_flag": 1, "change_message": "[{\"added\": {}}]"}}, {"model": "admin.logentry", "pk": 61, "fields": {"action_time": "2022-05-23T15:55:15.492Z", "user": 1, "content_type": 36, "object_id": "20", "object_repr": "Footballer object (20)", "action_flag": 1, "change_message": "[{\"added\": {}}]"}}, {"model": "admin.logentry", "pk": 62, "fields": {"action_time": "2022-05-23T16:52:21.287Z", "user": 1, "content_type": 37, "object_id": "1", "object_repr": "FootballerWeeksData object (1)", "action_flag": 1, "change_message": "[{\"added\": {}}]"}}, {"model": "admin.logentry", "pk": 63, "fields": {"action_time": "2022-05-23T16:52:40.043Z", "user": 1, "content_type": 37, "object_id": "2", "object_repr": "FootballerWeeksData object (2)", "action_flag": 1, "change_message": "[{\"added\": {}}]"}}, {"model": "admin.logentry", "pk": 64, "fields": {"action_time": "2022-05-23T16:52:57.515Z", "user": 1, "content_type": 37, "object_id": "2", "object_repr": "FootballerWeeksData object (2)", "action_flag": 3, "change_message": ""}}, {"model": "admin.logentry", "pk": 65, "fields": {"action_time": "2022-05-23T16:52:57.537Z", "user": 1, "content_type": 37, "object_id": "1", "object_repr": "FootballerWeeksData object (1)", "action_flag": 3, "change_message": ""}}, {"model": "admin.logentry", "pk": 66, "fields": {"action_time": "2022-05-23T18:30:02.703Z", "user": 1, "content_type": 35, "object_id": "9", "object_repr": "Week 0", "action_flag": 1, "change_message": "[{\"added\": {}}]"}}, {"model": "admin.logentry", "pk": 67, "fields": {"action_time": "2022-05-24T05:44:26.311Z", "user": 1, "content_type": 34, "object_id": "1", "object_repr": "UserFootballer object (1)", "action_flag": 3, "change_message": ""}}, {"model": "admin.logentry", "pk": 68, "fields": {"action_time": "2022-05-24T05:45:18.345Z", "user": 1, "content_type": 34, "object_id": "2", "object_repr": "UserFootballer object (2)", "action_flag": 3, "change_message": ""}}, {"model": "admin.logentry", "pk": 69, "fields": {"action_time": "2022-05-24T05:49:29.350Z", "user": 1, "content_type": 34, "object_id": "3", "object_repr": "UserFootballer object (3)", "action_flag": 3, "change_message": ""}}, {"model": "admin.logentry", "pk": 70, "fields": {"action_time": "2022-05-24T05:49:58.930Z", "user": 1, "content_type": 6, "object_id": "3", "object_repr": "user@example.com", "action_flag": 2, "change_message": "[{\"changed\": {\"fields\": [\"Username\", \"Balance\", \"Week\"]}}]"}}, {"model": "admin.logentry", "pk": 71, "fields": {"action_time": "2022-05-24T05:54:06.737Z", "user": 1, "content_type": 6, "object_id": "3", "object_repr": "user@example.com", "action_flag": 2, "change_message": "[{\"changed\": {\"fields\": [\"Balance\"]}}]"}}, {"model": "admin.logentry", "pk": 72, "fields": {"action_time": "2022-05-24T05:54:13.563Z", "user": 1, "content_type": 34, "object_id": "4", "object_repr": "UserFootballer object (4)", "action_flag": 3, "change_message": ""}}, {"model": "admin.logentry", "pk": 73, "fields": {"action_time": "2022-05-24T05:56:45.113Z", "user": 1, "content_type": 6, "object_id": "3", "object_repr": "user@example.com", "action_flag": 2, "change_message": "[{\"changed\": {\"fields\": [\"Balance\"]}}]"}}, {"model": "admin.logentry", "pk": 74, "fields": {"action_time": "2022-05-24T05:56:52.349Z", "user": 1, "content_type": 34, "object_id": "5", "object_repr": "UserFootballer object (5)", "action_flag": 3, "change_message": ""}}, {"model": "admin.logentry", "pk": 75, "fields": {"action_time": "2022-05-24T06:03:26.427Z", "user": 1, "content_type": 34, "object_id": "6", "object_repr": "UserFootballer object (6)", "action_flag": 3, "change_message": ""}}, {"model": "admin.logentry", "pk": 76, "fields": {"action_time": "2022-05-24T06:03:35.207Z", "user": 1, "content_type": 6, "object_id": "3", "object_repr": "user@example.com", "action_flag": 2, "change_message": "[{\"changed\": {\"fields\": [\"Balance\"]}}]"}}, {"model": "admin.logentry", "pk": 77, "fields": {"action_time": "2022-05-24T06:08:35.232Z", "user": 1, "content_type": 6, "object_id": "3", "object_repr": "user@example.com", "action_flag": 2, "change_message": "[{\"changed\": {\"fields\": [\"Week\"]}}]"}}, {"model": "admin.logentry", "pk": 78, "fields": {"action_time": "2022-05-24T07:23:37.381Z", "user": 1, "content_type": 67, "object_id": "1", "object_repr": "FootballerPosition object (1)", "action_flag": 1, "change_message": "[{\"added\": {}}]"}}, {"model": "admin.logentry", "pk": 79, "fields": {"action_time": "2022-05-24T07:23:56.825Z", "user": 1, "content_type": 67, "object_id": "2", "object_repr": "FootballerPosition object (2)", "action_flag": 1, "change_message": "[{\"added\": {}}]"}}, {"model": "admin.logentry", "pk": 80, "fields": {"action_time": "2022-05-24T07:23:59.293Z", "user": 1, "content_type": 67, "object_id": "3", "object_repr": "FootballerPosition object (3)", "action_flag": 1, "change_message": "[{\"added\": {}}]"}}, {"model": "admin.logentry", "pk": 81, "fields": {"action_time": "2022-05-24T07:24:17.737Z", "user": 1, "content_type": 68, "object_id": "1", "object_repr": "FootballerTeam object (1)", "action_flag": 1, "change_message": "[{\"added\": {}}]"}}, {"model": "admin.logentry", "pk": 82, "fields": {"action_time": "2022-05-24T07:24:36.971Z", "user": 1, "content_type": 68, "object_id": "2", "object_repr": "FootballerTeam object (2)", "action_flag": 1, "change_message": "[{\"added\": {}}]"}}, {"model": "admin.logentry", "pk": 83, "fields": {"action_time": "2022-05-24T07:24:49.593Z", "user": 1, "content_type": 68, "object_id": "3", "object_repr": "FootballerTeam object (3)", "action_flag": 1, "change_message": "[{\"added\": {}}]"}}, {"model": "admin.logentry", "pk": 84, "fields": {"action_time": "2022-05-24T07:25:00.228Z", "user": 1, "content_type": 68, "object_id": "4", "object_repr": "FootballerTeam object (4)", "action_flag": 1, "change_message": "[{\"added\": {}}]"}}, {"model": "admin.logentry", "pk": 85, "fields": {"action_time": "2022-05-24T07:25:07.618Z", "user": 1, "content_type": 68, "object_id": "5", "object_repr": "FootballerTeam object (5)", "action_flag": 1, "change_message": "[{\"added\": {}}]"}}, {"model": "admin.logentry", "pk": 86, "fields": {"action_time": "2022-05-24T07:25:16.678Z", "user": 1, "content_type": 68, "object_id": "6", "object_repr": "FootballerTeam object (6)", "action_flag": 1, "change_message": "[{\"added\": {}}]"}}, {"model": "admin.logentry", "pk": 87, "fields": {"action_time": "2022-05-24T07:25:28.224Z", "user": 1, "content_type": 68, "object_id": "7", "object_repr": "FootballerTeam object (7)", "action_flag": 1, "change_message": "[{\"added\": {}}]"}}, {"model": "admin.logentry", "pk": 88, "fields": {"action_time": "2022-05-24T07:25:39.614Z", "user": 1, "content_type": 68, "object_id": "8", "object_repr": "FootballerTeam object (8)", "action_flag": 1, "change_message": "[{\"added\": {}}]"}}, {"model": "admin.logentry", "pk": 89, "fields": {"action_time": "2022-05-24T07:30:21.747Z", "user": 1, "content_type": 36, "object_id": "20", "object_repr": "Sadio Mané", "action_flag": 2, "change_message": "[{\"changed\": {\"fields\": [\"Team\", \"Position\", \"Price dynamic\"]}}]"}}, {"model": "admin.logentry", "pk": 90, "fields": {"action_time": "2022-05-24T07:30:41.948Z", "user": 1, "content_type": 36, "object_id": "19", "object_repr": "Mason Mount", "action_flag": 2, "change_message": "[{\"changed\": {\"fields\": [\"Team\", \"Position\", \"Price dynamic\"]}}]"}}, {"model": "admin.logentry", "pk": 91, "fields": {"action_time": "2022-05-24T07:30:58.985Z", "user": 1, "content_type": 36, "object_id": "18", "object_repr": "Mohamed Salah", "action_flag": 2, "change_message": "[{\"changed\": {\"fields\": [\"Team\", \"Position\", \"Price dynamic\"]}}]"}}, {"model": "admin.logentry", "pk": 92, "fields": {"action_time": "2022-05-24T07:31:22.448Z", "user": 1, "content_type": 36, "object_id": "17", "object_repr": "Phil Foden", "action_flag": 2, "change_message": "[{\"changed\": {\"fields\": [\"Team\", \"Position\", \"Price dynamic\"]}}]"}}, {"model": "admin.logentry", "pk": 93, "fields": {"action_time": "2022-05-24T07:31:45.897Z", "user": 1, "content_type": 36, "object_id": "16", "object_repr": "Heung-min Son", "action_flag": 2, "change_message": "[{\"changed\": {\"fields\": [\"Team\", \"Position\", \"Price dynamic\"]}}]"}}, {"model": "admin.logentry", "pk": 94, "fields": {"action_time": "2022-05-24T07:32:07.398Z", "user": 1, "content_type": 36, "object_id": "15", "object_repr": "Trent Alexander-Arnold", "action_flag": 2, "change_message": "[{\"changed\": {\"fields\": [\"Team\", \"Position\", \"Price dynamic\"]}}]"}}, {"model": "admin.logentry", "pk": 95, "fields": {"action_time": "2022-05-24T07:32:23.389Z", "user": 1, "content_type": 36, "object_id": "14", "object_repr": "Marcus Rashford", "action_flag": 2, "change_message": "[{\"changed\": {\"fields\": [\"Team\", \"Position\", \"Price dynamic\"]}}]"}}, {"model": "admin.logentry", "pk": 96, "fields": {"action_time": "2022-05-24T07:32:45.274Z", "user": 1, "content_type": 36, "object_id": "13", "object_repr": "Raheem Sterling", "action_flag": 2, "change_message": "[{\"changed\": {\"fields\": [\"Team\", \"Position\", \"Price dynamic\"]}}]"}}, {"model": "admin.logentry", "pk": 97, "fields": {"action_time": "2022-05-24T07:32:59.767Z", "user": 1, "content_type": 36, "object_id": "12", "object_repr": "Joshua Kimmich", "action_flag": 2, "change_message": "[{\"changed\": {\"fields\": [\"Team\", \"Position\", \"Price dynamic\"]}}]"}}, {"model": "admin.logentry", "pk": 98, "fields": {"action_time": "2022-05-24T07:33:18.584Z", "user": 1, "content_type": 36, "object_id": "11", "object_repr": "Erling Haaland", "action_flag": 2, "change_message": "[{\"changed\": {\"fields\": [\"Team\", \"Position\", \"Price dynamic\"]}}]"}}, {"model": "admin.logentry", "pk": 99, "fields": {"action_time": "2022-05-24T07:33:54.084Z", "user": 1, "content_type": 36, "object_id": "10", "object_repr": "Jadon Sancho", "action_flag": 2, "change_message": "[{\"changed\": {\"fields\": [\"Team\", \"Position\", \"Price dynamic\"]}}]"}}, {"model": "admin.logentry", "pk": 100, "fields": {"action_time": "2022-05-24T07:34:20.233Z", "user": 1, "content_type": 36, "object_id": "9", "object_repr": "Harry Kane", "action_flag": 2, "change_message": "[{\"changed\": {\"fields\": [\"Team\", \"Position\", \"Price dynamic\"]}}]"}}, {"model": "admin.logentry", "pk": 101, "fields": {"action_time": "2022-05-24T07:34:33.867Z", "user": 1, "content_type": 36, "object_id": "8", "object_repr": "Jack Grealish", "action_flag": 2, "change_message": "[{\"changed\": {\"fields\": [\"Team\", \"Position\", \"Price dynamic\"]}}]"}}, {"model": "admin.logentry", "pk": 102, "fields": {"action_time": "2022-05-24T07:34:48.342Z", "user": 1, "content_type": 36, "object_id": "7", "object_repr": "Paul Pogba", "action_flag": 2, "change_message": "[{\"changed\": {\"fields\": [\"Team\", \"Position\", \"Price dynamic\"]}}]"}}, {"model": "admin.logentry", "pk": 103, "fields": {"action_time": "2022-05-24T07:35:09.107Z", "user": 1, "content_type": 36, "object_id": "6", "object_repr": "Bruno Fernandes", "action_flag": 2, "change_message": "[{\"changed\": {\"fields\": [\"Team\", \"Position\", \"Price dynamic\"]}}]"}}, {"model": "admin.logentry", "pk": 104, "fields": {"action_time": "2022-05-24T07:35:20.536Z", "user": 1, "content_type": 36, "object_id": "5", "object_repr": "Kevin De Bruyne", "action_flag": 2, "change_message": "[{\"changed\": {\"fields\": [\"Team\", \"Position\", \"Price dynamic\"]}}]"}}, {"model": "admin.logentry", "pk": 105, "fields": {"action_time": "2022-05-24T07:35:35.494Z", "user": 1, "content_type": 36, "object_id": "4", "object_repr": "Neymar", "action_flag": 2, "change_message": "[{\"changed\": {\"fields\": [\"Team\", \"Position\", \"Price dynamic\"]}}]"}}, {"model": "admin.logentry", "pk": 106, "fields": {"action_time": "2022-05-24T07:35:59.835Z", "user": 1, "content_type": 36, "object_id": "3", "object_repr": "Cristiano Ronaldo", "action_flag": 2, "change_message": "[{\"changed\": {\"fields\": [\"Team\", \"Position\", \"Price dynamic\"]}}]"}}, {"model": "admin.logentry", "pk": 107, "fields": {"action_time": "2022-05-24T07:36:11.364Z", "user": 1, "content_type": 36, "object_id": "2", "object_repr": "Lionel Messi", "action_flag": 2, "change_message": "[{\"changed\": {\"fields\": [\"Team\", \"Position\", \"Price dynamic\"]}}]"}}, {"model": "admin.logentry", "pk": 108, "fields": {"action_time": "2022-05-24T07:36:24.355Z", "user": 1, "content_type": 36, "object_id": "1", "object_repr": "Kylian Mbappé", "action_flag": 2, "change_message": "[{\"changed\": {\"fields\": [\"Team\", \"Position\", \"Price dynamic\"]}}]"}}, {"model": "auth.permission", "pk": 1, "fields": {"name": "Can add log entry", "content_type": 1, "codename": "add_logentry"}}, {"model": "auth.permission", "pk": 2, "fields": {"name": "Can change log entry", "content_type": 1, "codename": "change_logentry"}}, {"model": "auth.permission", "pk": 3, "fields": {"name": "Can delete log entry", "content_type": 1, "codename": "delete_logentry"}}, {"model": "auth.permission", "pk": 4, "fields": {"name": "Can view log entry", "content_type": 1, "codename": "view_logentry"}}, {"model": "auth.permission", "pk": 5, "fields": {"name": "Can add permission", "content_type": 2, "codename": "add_permission"}}, {"model": "auth.permission", "pk": 6, "fields": {"name": "Can change permission", "content_type": 2, "codename": "change_permission"}}, {"model": "auth.permission", "pk": 7, "fields": {"name": "Can delete permission", "content_type": 2, "codename": "delete_permission"}}, {"model": "auth.permission", "pk": 8, "fields": {"name": "Can view permission", "content_type": 2, "codename": "view_permission"}}, {"model": "auth.permission", "pk": 9, "fields": {"name": "Can add group", "content_type": 3, "codename": "add_group"}}, {"model": "auth.permission", "pk": 10, "fields": {"name": "Can change group", "content_type": 3, "codename": "change_group"}}, {"model": "auth.permission", "pk": 11, "fields": {"name": "Can delete group", "content_type": 3, "codename": "delete_group"}}, {"model": "auth.permission", "pk": 12, "fields": {"name": "Can view group", "content_type": 3, "codename": "view_group"}}, {"model": "auth.permission", "pk": 13, "fields": {"name": "Can add content type", "content_type": 4, "codename": "add_contenttype"}}, {"model": "auth.permission", "pk": 14, "fields": {"name": "Can change content type", "content_type": 4, "codename": "change_contenttype"}}, {"model": "auth.permission", "pk": 15, "fields": {"name": "Can delete content type", "content_type": 4, "codename": "delete_contenttype"}}, {"model": "auth.permission", "pk": 16, "fields": {"name": "Can view content type", "content_type": 4, "codename": "view_contenttype"}}, {"model": "auth.permission", "pk": 17, "fields": {"name": "Can add session", "content_type": 5, "codename": "add_session"}}, {"model": "auth.permission", "pk": 18, "fields": {"name": "Can change session", "content_type": 5, "codename": "change_session"}}, {"model": "auth.permission", "pk": 19, "fields": {"name": "Can delete session", "content_type": 5, "codename": "delete_session"}}, {"model": "auth.permission", "pk": 20, "fields": {"name": "Can view session", "content_type": 5, "codename": "view_session"}}, {"model": "auth.permission", "pk": 21, "fields": {"name": "Can add user", "content_type": 6, "codename": "add_user"}}, {"model": "auth.permission", "pk": 22, "fields": {"name": "Can change user", "content_type": 6, "codename": "change_user"}}, {"model": "auth.permission", "pk": 23, "fields": {"name": "Can delete user", "content_type": 6, "codename": "delete_user"}}, {"model": "auth.permission", "pk": 24, "fields": {"name": "Can view user", "content_type": 6, "codename": "view_user"}}, {"model": "auth.permission", "pk": 34, "fields": {"name": "Can add user footballer", "content_type": 34, "codename": "add_userfootballer"}}, {"model": "auth.permission", "pk": 35, "fields": {"name": "Can change user footballer", "content_type": 34, "codename": "change_userfootballer"}}, {"model": "auth.permission", "pk": 36, "fields": {"name": "Can delete user footballer", "content_type": 34, "codename": "delete_userfootballer"}}, {"model": "auth.permission", "pk": 37, "fields": {"name": "Can view user footballer", "content_type": 34, "codename": "view_userfootballer"}}, {"model": "auth.permission", "pk": 38, "fields": {"name": "Can add game week", "content_type": 35, "codename": "add_gameweek"}}, {"model": "auth.permission", "pk": 39, "fields": {"name": "Can change game week", "content_type": 35, "codename": "change_gameweek"}}, {"model": "auth.permission", "pk": 40, "fields": {"name": "Can delete game week", "content_type": 35, "codename": "delete_gameweek"}}, {"model": "auth.permission", "pk": 41, "fields": {"name": "Can view game week", "content_type": 35, "codename": "view_gameweek"}}, {"model": "auth.permission", "pk": 42, "fields": {"name": "Can add footballer", "content_type": 36, "codename": "add_footballer"}}, {"model": "auth.permission", "pk": 43, "fields": {"name": "Can change footballer", "content_type": 36, "codename": "change_footballer"}}, {"model": "auth.permission", "pk": 44, "fields": {"name": "Can delete footballer", "content_type": 36, "codename": "delete_footballer"}}, {"model": "auth.permission", "pk": 45, "fields": {"name": "Can view footballer", "content_type": 36, "codename": "view_footballer"}}, {"model": "auth.permission", "pk": 46, "fields": {"name": "Can add footballer weeks data", "content_type": 37, "codename": "add_footballerweeksdata"}}, {"model": "auth.permission", "pk": 47, "fields": {"name": "Can change footballer weeks data", "content_type": 37, "codename": "change_footballerweeksdata"}}, {"model": "auth.permission", "pk": 48, "fields": {"name": "Can delete footballer weeks data", "content_type": 37, "codename": "delete_footballerweeksdata"}}, {"model": "auth.permission", "pk": 49, "fields": {"name": "Can view footballer weeks data", "content_type": 37, "codename": "view_footballerweeksdata"}}, {"model": "auth.permission", "pk": 67, "fields": {"name": "Can add footballer position", "content_type": 67, "codename": "add_footballerposition"}}, {"model": "auth.permission", "pk": 68, "fields": {"name": "Can change footballer position", "content_type": 67, "codename": "change_footballerposition"}}, {"model": "auth.permission", "pk": 69, "fields": {"name": "Can delete footballer position", "content_type": 67, "codename": "delete_footballerposition"}}, {"model": "auth.permission", "pk": 70, "fields": {"name": "Can view footballer position", "content_type": 67, "codename": "view_footballerposition"}}, {"model": "auth.permission", "pk": 71, "fields": {"name": "Can add footballer team", "content_type": 68, "codename": "add_footballerteam"}}, {"model": "auth.permission", "pk": 72, "fields": {"name": "Can change footballer team", "content_type": 68, "codename": "change_footballerteam"}}, {"model": "auth.permission", "pk": 73, "fields": {"name": "Can delete footballer team", "content_type": 68, "codename": "delete_footballerteam"}}, {"model": "auth.permission", "pk": 74, "fields": {"name": "Can view footballer team", "content_type": 68, "codename": "view_footballerteam"}}, {"model": "contenttypes.contenttype", "pk": 1, "fields": {"app_label": "admin", "model": "logentry"}}, {"model": "contenttypes.contenttype", "pk": 2, "fields": {"app_label": "auth", "model": "permission"}}, {"model": "contenttypes.contenttype", "pk": 3, "fields": {"app_label": "auth", "model": "group"}}, {"model": "contenttypes.contenttype", "pk": 4, "fields": {"app_label": "contenttypes", "model": "contenttype"}}, {"model": "contenttypes.contenttype", "pk": 5, "fields": {"app_label": "sessions", "model": "session"}}, {"model": "contenttypes.contenttype", "pk": 6, "fields": {"app_label": "authentication", "model": "user"}}, {"model": "contenttypes.contenttype", "pk": 34, "fields": {"app_label": "authentication", "model": "userfootballer"}}, {"model": "contenttypes.contenttype", "pk": 35, "fields": {"app_label": "stock", "model": "gameweek"}}, {"model": "contenttypes.contenttype", "pk": 36, "fields": {"app_label": "stock", "model": "footballer"}}, {"model": "contenttypes.contenttype", "pk": 37, "fields": {"app_label": "stock", "model": "footballerweeksdata"}}, {"model": "contenttypes.contenttype", "pk": 67, "fields": {"app_label": "stock", "model": "footballerposition"}}, {"model": "contenttypes.contenttype", "pk": 68, "fields": {"app_label": "stock", "model": "footballerteam"}}, {"model": "sessions.session", "pk": "nzisvp8tds4drzhl7ivdpvi9bepbegtm", "fields": {"session_data": ".eJxVjDsOwjAQBe_iGlle_xJT0ucM1tq74ACypTipEHeHSCmgfTPzXiLitpa4dV7iTOIsQJx-t4T5wXUHdMd6azK3ui5zkrsiD9rl1Iifl8P9OyjYy7c2EIA0OVBgSY-GR3aswAArtkMKGKxxPoBmbfGavPbEefDk2IHPlMX7A7p8N2k:1nt5AY:fHSZOtaeIt4RohbAZ5eo5jmHRsJfX0kX5O82ezsK-Hw", "expire_date": "2022-06-06T10:20:10.600Z"}}, {"model": "authentication.user", "pk": 1, "fields": {"password": "pbkdf2_sha256$320000$DYKNogYJXDJP00q0uiRxid$fqWheRrk9CDqsify9T0RnFra+BP0PQdsW0aIgc6xkYg=", "last_login": "2022-05-23T10:20:10.584Z", "is_superuser": true, "first_name": "", "last_name": "", "is_staff": true, "is_active": true, "date_joined": "2022-05-23T10:19:53.547Z", "email": "admin@admin.com", "username": "admin", "balance": "500.00", "week": null, "groups": [], "user_permissions": []}}, {"model": "authentication.user", "pk": 3, "fields": {"password": "pbkdf2_sha256$320000$XCp0euuWgUNpE2ZhTENtz9$f/U1p0vz2gTvYF3KGueYdJNuqRv2E/BhwQzjKrYsAp0=", "last_login": null, "is_superuser": false, "first_name": "", "last_name": "", "is_staff": false, "is_active": true, "date_joined": "2022-05-23T13:49:16Z", "email": "user@example.com", "username": "duke", "balance": "500.00", "week": 9, "groups": [], "user_permissions": []}}, {"model": "stock.gameweek", "pk": 1, "fields": {"number": 1}}, {"model": "stock.gameweek", "pk": 2, "fields": {"number": 2}}, {"model": "stock.gameweek", "pk": 3, "fields": {"number": 3}}, {"model": "stock.gameweek", "pk": 4, "fields": {"number": 4}}, {"model": "stock.gameweek", "pk": 5, "fields": {"number": 5}}, {"model": "stock.gameweek", "pk": 6, "fields": {"number": 6}}, {"model": "stock.gameweek", "pk": 7, "fields": {"number": 7}}, {"model": "stock.gameweek", "pk": 8, "fields": {"number": 8}}, {"model": "stock.gameweek", "pk": 9, "fields": {"number": 0}}, {"model": "stock.footballerteam", "pk": 1, "fields": {"name": "Paris St Germain"}}, {"model": "stock.footballerteam", "pk": 2, "fields": {"name": "Manchester United"}}, {"model": "stock.footballerteam", "pk": 3, "fields": {"name": "Manchester City"}}, {"model": "stock.footballerteam", "pk": 4, "fields": {"name": "Tottenham Hotspur"}}, {"model": "stock.footballerteam", "pk": 5, "fields": {"name": "Borussia Dortmund"}}, {"model": "stock.footballerteam", "pk": 6, "fields": {"name": "Bayern Munich"}}, {"model": "stock.footballerteam", "pk": 7, "fields": {"name": "Liverpool FC"}}, {"model": "stock.footballerteam", "pk": 8, "fields": {"name": "Chelsea FC"}}, {"model": "stock.footballerposition", "pk": 1, "fields": {"name": "fwd"}}, {"model": "stock.footballerposition", "pk": 2, "fields": {"name": "mid"}}, {"model": "stock.footballerposition", "pk": 3, "fields": {"name": "def"}}, {"model": "stock.footballer", "pk": 1, "fields": {"name": "Kylian Mbappé", "team": 1, "position": 1, "price_dynamic": "3.37"}}, {"model": "stock.footballer", "pk": 2, "fields": {"name": "Lionel Messi", "team": 1, "position": 1, "price_dynamic": "-1.00"}}, {"model": "stock.footballer", "pk": 3, "fields": {"name": "Cristiano Ronaldo", "team": 2, "position": 2, "price_dynamic": "-0.97"}}, {"model": "stock.footballer", "pk": 4, "fields": {"name": "Neymar", "team": 1, "position": 2, "price_dynamic": "3.10"}}, {"model": "stock.footballer", "pk": 5, "fields": {"name": "Kevin De Bruyne", "team": 3, "position": 2, "price_dynamic": "2.42"}}, {"model": "stock.footballer", "pk": 6, "fields": {"name": "Bruno Fernandes", "team": 2, "position": 2, "price_dynamic": "-0.92"}}, {"model": "stock.footballer", "pk": 7, "fields": {"name": "Paul Pogba", "team": 2, "position": 2, "price_dynamic": "-0.73"}}, {"model": "stock.footballer", "pk": 8, "fields": {"name": "Jack Grealish", "team": 3, "position": 2, "price_dynamic": "-0.90"}}, {"model": "stock.footballer", "pk": 9, "fields": {"name": "Harry Kane", "team": 4, "position": 1, "price_dynamic": "-0.87"}}, {"model": "stock.footballer", "pk": 10, "fields": {"name": "Jadon Sancho", "team": 2, "position": 1, "price_dynamic": "-0.86"}}, {"model": "stock.footballer", "pk": 11, "fields": {"name": "Erling Haaland", "team": 5, "position": 1, "price_dynamic": "2.23"}}, {"model": "stock.footballer", "pk": 12, "fields": {"name": "Joshua Kimmich", "team": 6, "position": 2, "price_dynamic": "2.21"}}, {"model": "stock.footballer", "pk": 13, "fields": {"name": "Raheem Sterling", "team": 3, "position": 2, "price_dynamic": "-0.84"}}, {"model": "stock.footballer", "pk": 14, "fields": {"name": "Marcus Rashford", "team": 2, "position": 2, "price_dynamic": "-0.83"}}, {"model": "stock.footballer", "pk": 15, "fields": {"name": "Trent Alexander-Arnold", "team": 7, "position": 3, "price_dynamic": "2.65"}}, {"model": "stock.footballer", "pk": 16, "fields": {"name": "Heung-min Son", "team": 4, "position": 1, "price_dynamic": "-0.65"}}, {"model": "stock.footballer", "pk": 17, "fields": {"name": "Phil Foden", "team": 3, "position": 2, "price_dynamic": "-0.80"}}, {"model": "stock.footballer", "pk": 18, "fields": {"name": "Mohamed Salah", "team": 7, "position": 1, "price_dynamic": "-0.78"}}, {"model": "stock.footballer", "pk": 19, "fields": {"name": "Mason Mount", "team": 8, "position": 2, "price_dynamic": "2.52"}}, {"model": "stock.footballer", "pk": 20, "fields": {"name": "Sadio Mané", "team": 7, "position": 1, "price_dynamic": "-0.76"}}, {"model": "stock.footballerweeksdata", "pk": 3, "fields": {"week": 1, "footballer": 1, "perfomance": 2253, "hix": "25.96"}}, {"model": "stock.footballerweeksdata", "pk": 4, "fields": {"week": 2, "footballer": 1, "perfomance": 3300, "hix": "29.33"}}, {"model": "stock.footballerweeksdata", "pk": 5, "fields": {"week": 3, "footballer": 1, "perfomance": 2748, "hix": "26.98"}}, {"model": "stock.footballerweeksdata", "pk": 6, "fields": {"week": 4, "footballer": 1, "perfomance": 2790, "hix": "30.49"}}, {"model": "stock.footballerweeksdata", "pk": 7, "fields": {"week": 5, "footballer": 1, "perfomance": 2277, "hix": "28.05"}}, {"model": "stock.footballerweeksdata", "pk": 8, "fields": {"week": 6, "footballer": 1, "perfomance": 2153, "hix": "26.37"}}, {"model": "stock.footballerweeksdata", "pk": 9, "fields": {"week": 7, "footballer": 1, "perfomance": 4327, "hix": "28.48"}}, {"model": "stock.footballerweeksdata", "pk": 10, "fields": {"week": 8, "footballer": 1, "perfomance": 4416, "hix": "31.04"}}, {"model": "stock.footballerweeksdata", "pk": 11, "fields": {"week": 1, "footballer": 2, "perfomance": 3976, "hix": "24.92"}}, {"model": "stock.footballerweeksdata", "pk": 12, "fields": {"week": 2, "footballer": 2, "perfomance": 3154, "hix": "23.93"}}, {"model": "stock.footballerweeksdata", "pk": 13, "fields": {"week": 3, "footballer": 2, "perfomance": 2876, "hix": "22.01"}}, {"model": "stock.footballerweeksdata", "pk": 14, "fields": {"week": 4, "footballer": 2, "perfomance": 2670, "hix": "19.59"}}, {"model": "stock.footballerweeksdata", "pk": 15, "fields": {"week": 5, "footballer": 2, "perfomance": 3526, "hix": "22.33"}}, {"model": "stock.footballerweeksdata", "pk": 16, "fields": {"week": 6, "footballer": 2, "perfomance": 2838, "hix": "20.99"}}, {"model": "stock.footballerweeksdata", "pk": 17, "fields": {"week": 7, "footballer": 2, "perfomance": 3172, "hix": "22.67"}}, {"model": "stock.footballerweeksdata", "pk": 18, "fields": {"week": 8, "footballer": 2, "perfomance": 3499, "hix": "24.71"}}, {"model": "stock.footballerweeksdata", "pk": 19, "fields": {"week": 1, "footballer": 3, "perfomance": 3289, "hix": "24.14"}}, {"model": "stock.footballerweeksdata", "pk": 20, "fields": {"week": 2, "footballer": 3, "perfomance": 2511, "hix": "23.18"}}, {"model": "stock.footballerweeksdata", "pk": 21, "fields": {"week": 3, "footballer": 3, "perfomance": 1701, "hix": "21.32"}}, {"model": "stock.footballerweeksdata", "pk": 22, "fields": {"week": 4, "footballer": 3, "perfomance": 1164, "hix": "18.98"}}, {"model": "stock.footballerweeksdata", "pk": 23, "fields": {"week": 5, "footballer": 3, "perfomance": 4897, "hix": "21.64"}}, {"model": "stock.footballerweeksdata", "pk": 24, "fields": {"week": 6, "footballer": 3, "perfomance": 3310, "hix": "20.34"}}, {"model": "stock.footballerweeksdata", "pk": 25, "fields": {"week": 7, "footballer": 3, "perfomance": 3014, "hix": "19.52"}}, {"model": "stock.footballerweeksdata", "pk": 26, "fields": {"week": 8, "footballer": 3, "perfomance": 2269, "hix": "18.74"}}, {"model": "stock.footballerweeksdata", "pk": 27, "fields": {"week": 1, "footballer": 4, "perfomance": 2036, "hix": "23.81"}}, {"model": "stock.footballerweeksdata", "pk": 28, "fields": {"week": 2, "footballer": 4, "perfomance": 2119, "hix": "26.90"}}, {"model": "stock.footballerweeksdata", "pk": 29, "fields": {"week": 3, "footballer": 4, "perfomance": 4032, "hix": "29.06"}}, {"model": "stock.footballerweeksdata", "pk": 30, "fields": {"week": 4, "footballer": 4, "perfomance": 4937, "hix": "32.83"}}, {"model": "stock.footballerweeksdata", "pk": 31, "fields": {"week": 5, "footballer": 4, "perfomance": 1824, "hix": "30.21"}}, {"model": "stock.footballerweeksdata", "pk": 32, "fields": {"week": 6, "footballer": 4, "perfomance": 2655, "hix": "32.62"}}, {"model": "stock.footballerweeksdata", "pk": 33, "fields": {"week": 7, "footballer": 4, "perfomance": 1449, "hix": "31.32"}}, {"model": "stock.footballerweeksdata", "pk": 34, "fields": {"week": 8, "footballer": 4, "perfomance": 3718, "hix": "34.14"}}, {"model": "stock.footballerweeksdata", "pk": 35, "fields": {"week": 1, "footballer": 5, "perfomance": 2286, "hix": "18.61"}}, {"model": "stock.footballerweeksdata", "pk": 36, "fields": {"week": 2, "footballer": 5, "perfomance": 2922, "hix": "21.03"}}, {"model": "stock.footballerweeksdata", "pk": 37, "fields": {"week": 3, "footballer": 5, "perfomance": 3395, "hix": "22.72"}}, {"model": "stock.footballerweeksdata", "pk": 38, "fields": {"week": 4, "footballer": 5, "perfomance": 2777, "hix": "20.22"}}, {"model": "stock.footballerweeksdata", "pk": 39, "fields": {"week": 5, "footballer": 5, "perfomance": 3524, "hix": "23.05"}}, {"model": "stock.footballerweeksdata", "pk": 40, "fields": {"week": 6, "footballer": 5, "perfomance": 2782, "hix": "21.67"}}, {"model": "stock.footballerweeksdata", "pk": 41, "fields": {"week": 7, "footballer": 5, "perfomance": 2219, "hix": "20.80"}}, {"model": "stock.footballerweeksdata", "pk": 42, "fields": {"week": 8, "footballer": 5, "perfomance": 4415, "hix": "22.67"}}, {"model": "stock.footballerweeksdata", "pk": 43, "fields": {"week": 1, "footballer": 6, "perfomance": 4384, "hix": "22.88"}}, {"model": "stock.footballerweeksdata", "pk": 44, "fields": {"week": 2, "footballer": 6, "perfomance": 4356, "hix": "21.97"}}, {"model": "stock.footballerweeksdata", "pk": 45, "fields": {"week": 3, "footballer": 6, "perfomance": 2062, "hix": "20.21"}}, {"model": "stock.footballerweeksdata", "pk": 46, "fields": {"week": 4, "footballer": 6, "perfomance": 1959, "hix": "17.99"}}, {"model": "stock.footballerweeksdata", "pk": 47, "fields": {"week": 5, "footballer": 6, "perfomance": 2690, "hix": "20.51"}}, {"model": "stock.footballerweeksdata", "pk": 48, "fields": {"week": 6, "footballer": 6, "perfomance": 3077, "hix": "22.15"}}, {"model": "stock.footballerweeksdata", "pk": 49, "fields": {"week": 7, "footballer": 6, "perfomance": 2974, "hix": "21.26"}}, {"model": "stock.footballerweeksdata", "pk": 50, "fields": {"week": 8, "footballer": 6, "perfomance": 4111, "hix": "23.17"}}, {"model": "stock.footballerweeksdata", "pk": 51, "fields": {"week": 1, "footballer": 7, "perfomance": 2669, "hix": "18.23"}}, {"model": "stock.footballerweeksdata", "pk": 52, "fields": {"week": 2, "footballer": 7, "perfomance": 2526, "hix": "17.50"}}, {"model": "stock.footballerweeksdata", "pk": 53, "fields": {"week": 3, "footballer": 7, "perfomance": 1535, "hix": "16.10"}}, {"model": "stock.footballerweeksdata", "pk": 54, "fields": {"week": 4, "footballer": 7, "perfomance": 4365, "hix": "18.19"}}, {"model": "stock.footballerweeksdata", "pk": 55, "fields": {"week": 5, "footballer": 7, "perfomance": 2900, "hix": "16.74"}}, {"model": "stock.footballerweeksdata", "pk": 56, "fields": {"week": 6, "footballer": 7, "perfomance": 3241, "hix": "18.08"}}, {"model": "stock.footballerweeksdata", "pk": 57, "fields": {"week": 7, "footballer": 7, "perfomance": 2834, "hix": "17.35"}}, {"model": "stock.footballerweeksdata", "pk": 58, "fields": {"week": 8, "footballer": 7, "perfomance": 2309, "hix": "16.66"}}, {"model": "stock.footballerweeksdata", "pk": 59, "fields": {"week": 1, "footballer": 8, "perfomance": 3724, "hix": "22.62"}}, {"model": "stock.footballerweeksdata", "pk": 60, "fields": {"week": 2, "footballer": 8, "perfomance": 3637, "hix": "21.72"}}, {"model": "stock.footballerweeksdata", "pk": 61, "fields": {"week": 3, "footballer": 8, "perfomance": 1333, "hix": "19.98"}}, {"model": "stock.footballerweeksdata", "pk": 62, "fields": {"week": 4, "footballer": 8, "perfomance": 3446, "hix": "22.58"}}, {"model": "stock.footballerweeksdata", "pk": 63, "fields": {"week": 5, "footballer": 8, "perfomance": 1887, "hix": "20.77"}}, {"model": "stock.footballerweeksdata", "pk": 64, "fields": {"week": 6, "footballer": 8, "perfomance": 4241, "hix": "22.43"}}, {"model": "stock.footballerweeksdata", "pk": 65, "fields": {"week": 7, "footballer": 8, "perfomance": 2476, "hix": "21.53"}}, {"model": "stock.footballerweeksdata", "pk": 66, "fields": {"week": 8, "footballer": 8, "perfomance": 2888, "hix": "23.47"}}, {"model": "stock.footballerweeksdata", "pk": 67, "fields": {"week": 1, "footballer": 9, "perfomance": 2557, "hix": "21.86"}}, {"model": "stock.footballerweeksdata", "pk": 68, "fields": {"week": 2, "footballer": 9, "perfomance": 1327, "hix": "20.99"}}, {"model": "stock.footballerweeksdata", "pk": 69, "fields": {"week": 3, "footballer": 9, "perfomance": 2456, "hix": "22.67"}}, {"model": "stock.footballerweeksdata", "pk": 70, "fields": {"week": 4, "footballer": 9, "perfomance": 2981, "hix": "25.62"}}, {"model": "stock.footballerweeksdata", "pk": 71, "fields": {"week": 5, "footballer": 9, "perfomance": 2123, "hix": "23.57"}}, {"model": "stock.footballerweeksdata", "pk": 72, "fields": {"week": 6, "footballer": 9, "perfomance": 1688, "hix": "22.15"}}, {"model": "stock.footballerweeksdata", "pk": 73, "fields": {"week": 7, "footballer": 9, "perfomance": 2081, "hix": "23.92"}}, {"model": "stock.footballerweeksdata", "pk": 74, "fields": {"week": 8, "footballer": 9, "perfomance": 2761, "hix": "26.08"}}, {"model": "stock.footballerweeksdata", "pk": 75, "fields": {"week": 1, "footballer": 10, "perfomance": 2907, "hix": "21.61"}}, {"model": "stock.footballerweeksdata", "pk": 76, "fields": {"week": 2, "footballer": 10, "perfomance": 2713, "hix": "20.75"}}, {"model": "stock.footballerweeksdata", "pk": 77, "fields": {"week": 3, "footballer": 10, "perfomance": 3684, "hix": "22.41"}}, {"model": "stock.footballerweeksdata", "pk": 78, "fields": {"week": 4, "footballer": 10, "perfomance": 4240, "hix": "25.32"}}, {"model": "stock.footballerweeksdata", "pk": 79, "fields": {"week": 5, "footballer": 10, "perfomance": 2176, "hix": "23.29"}}, {"model": "stock.footballerweeksdata", "pk": 80, "fields": {"week": 6, "footballer": 10, "perfomance": 2589, "hix": "25.16"}}, {"model": "stock.footballerweeksdata", "pk": 81, "fields": {"week": 7, "footballer": 10, "perfomance": 3729, "hix": "27.17"}}, {"model": "stock.footballerweeksdata", "pk": 82, "fields": {"week": 8, "footballer": 10, "perfomance": 3193, "hix": "26.08"}}, {"model": "stock.footballerweeksdata", "pk": 83, "fields": {"week": 1, "footballer": 11, "perfomance": 1758, "hix": "17.15"}}, {"model": "stock.footballerweeksdata", "pk": 84, "fields": {"week": 2, "footballer": 11, "perfomance": 3762, "hix": "19.37"}}, {"model": "stock.footballerweeksdata", "pk": 85, "fields": {"week": 3, "footballer": 11, "perfomance": 2452, "hix": "17.82"}}, {"model": "stock.footballerweeksdata", "pk": 86, "fields": {"week": 4, "footballer": 11, "perfomance": 3799, "hix": "20.14"}}, {"model": "stock.footballerweeksdata", "pk": 87, "fields": {"week": 5, "footballer": 11, "perfomance": 2308, "hix": "18.53"}}, {"model": "stock.footballerweeksdata", "pk": 88, "fields": {"week": 6, "footballer": 11, "perfomance": 2344, "hix": "20.01"}}, {"model": "stock.footballerweeksdata", "pk": 89, "fields": {"week": 7, "footballer": 11, "perfomance": 2620, "hix": "21.61"}}, {"model": "stock.footballerweeksdata", "pk": 90, "fields": {"week": 8, "footballer": 11, "perfomance": 4386, "hix": "23.56"}}, {"model": "stock.footballerweeksdata", "pk": 91, "fields": {"week": 1, "footballer": 12, "perfomance": 1513, "hix": "17.00"}}, {"model": "stock.footballerweeksdata", "pk": 92, "fields": {"week": 2, "footballer": 12, "perfomance": 3849, "hix": "19.21"}}, {"model": "stock.footballerweeksdata", "pk": 93, "fields": {"week": 3, "footballer": 12, "perfomance": 2911, "hix": "17.67"}}, {"model": "stock.footballerweeksdata", "pk": 94, "fields": {"week": 4, "footballer": 12, "perfomance": 3183, "hix": "19.97"}}, {"model": "stock.footballerweeksdata", "pk": 95, "fields": {"week": 5, "footballer": 12, "perfomance": 2076, "hix": "18.37"}}, {"model": "stock.footballerweeksdata", "pk": 96, "fields": {"week": 6, "footballer": 12, "perfomance": 3129, "hix": "19.84"}}, {"model": "stock.footballerweeksdata", "pk": 97, "fields": {"week": 7, "footballer": 12, "perfomance": 3567, "hix": "21.43"}}, {"model": "stock.footballerweeksdata", "pk": 98, "fields": {"week": 8, "footballer": 12, "perfomance": 2746, "hix": "20.58"}}, {"model": "stock.footballerweeksdata", "pk": 99, "fields": {"week": 1, "footballer": 13, "perfomance": 3825, "hix": "21.00"}}, {"model": "stock.footballerweeksdata", "pk": 100, "fields": {"week": 2, "footballer": 13, "perfomance": 1644, "hix": "20.16"}}, {"model": "stock.footballerweeksdata", "pk": 101, "fields": {"week": 3, "footballer": 13, "perfomance": 2650, "hix": "21.77"}}, {"model": "stock.footballerweeksdata", "pk": 102, "fields": {"week": 4, "footballer": 13, "perfomance": 4052, "hix": "24.60"}}, {"model": "stock.footballerweeksdata", "pk": 103, "fields": {"week": 5, "footballer": 13, "perfomance": 1074, "hix": "22.64"}}, {"model": "stock.footballerweeksdata", "pk": 104, "fields": {"week": 6, "footballer": 13, "perfomance": 3236, "hix": "24.45"}}, {"model": "stock.footballerweeksdata", "pk": 105, "fields": {"week": 7, "footballer": 13, "perfomance": 2119, "hix": "23.47"}}, {"model": "stock.footballerweeksdata", "pk": 106, "fields": {"week": 8, "footballer": 13, "perfomance": 2407, "hix": "25.58"}}, {"model": "stock.footballerweeksdata", "pk": 107, "fields": {"week": 1, "footballer": 14, "perfomance": 3578, "hix": "20.81"}}, {"model": "stock.footballerweeksdata", "pk": 108, "fields": {"week": 2, "footballer": 14, "perfomance": 2568, "hix": "19.98"}}, {"model": "stock.footballerweeksdata", "pk": 109, "fields": {"week": 3, "footballer": 14, "perfomance": 1563, "hix": "18.38"}}, {"model": "stock.footballerweeksdata", "pk": 110, "fields": {"week": 4, "footballer": 14, "perfomance": 1076, "hix": "16.36"}}, {"model": "stock.footballerweeksdata", "pk": 111, "fields": {"week": 5, "footballer": 14, "perfomance": 2905, "hix": "18.65"}}, {"model": "stock.footballerweeksdata", "pk": 112, "fields": {"week": 6, "footballer": 14, "perfomance": 4292, "hix": "20.14"}}, {"model": "stock.footballerweeksdata", "pk": 113, "fields": {"week": 7, "footballer": 14, "perfomance": 3744, "hix": "19.33"}}, {"model": "stock.footballerweeksdata", "pk": 114, "fields": {"week": 8, "footballer": 14, "perfomance": 1771, "hix": "18.56"}}, {"model": "stock.footballerweeksdata", "pk": 115, "fields": {"week": 1, "footballer": 15, "perfomance": 2191, "hix": "20.35"}}, {"model": "stock.footballerweeksdata", "pk": 116, "fields": {"week": 2, "footballer": 15, "perfomance": 3430, "hix": "23.00"}}, {"model": "stock.footballerweeksdata", "pk": 117, "fields": {"week": 3, "footballer": 15, "perfomance": 1887, "hix": "21.16"}}, {"model": "stock.footballerweeksdata", "pk": 118, "fields": {"week": 4, "footballer": 15, "perfomance": 2027, "hix": "23.91"}}, {"model": "stock.footballerweeksdata", "pk": 119, "fields": {"week": 5, "footballer": 15, "perfomance": 2288, "hix": "27.26"}}, {"model": "stock.footballerweeksdata", "pk": 120, "fields": {"week": 6, "footballer": 15, "perfomance": 3925, "hix": "29.44"}}, {"model": "stock.footballerweeksdata", "pk": 121, "fields": {"week": 7, "footballer": 15, "perfomance": 2827, "hix": "28.26"}}, {"model": "stock.footballerweeksdata", "pk": 122, "fields": {"week": 8, "footballer": 15, "perfomance": 3906, "hix": "30.80"}}, {"model": "stock.footballerweeksdata", "pk": 123, "fields": {"week": 1, "footballer": 16, "perfomance": 3576, "hix": "16.13"}}, {"model": "stock.footballerweeksdata", "pk": 124, "fields": {"week": 2, "footballer": 16, "perfomance": 1816, "hix": "15.48"}}, {"model": "stock.footballerweeksdata", "pk": 125, "fields": {"week": 3, "footballer": 16, "perfomance": 4402, "hix": "16.72"}}, {"model": "stock.footballerweeksdata", "pk": 126, "fields": {"week": 4, "footballer": 16, "perfomance": 1389, "hix": "14.88"}}, {"model": "stock.footballerweeksdata", "pk": 127, "fields": {"week": 5, "footballer": 16, "perfomance": 2665, "hix": "16.97"}}, {"model": "stock.footballerweeksdata", "pk": 128, "fields": {"week": 6, "footballer": 16, "perfomance": 3479, "hix": "18.32"}}, {"model": "stock.footballerweeksdata", "pk": 129, "fields": {"week": 7, "footballer": 16, "perfomance": 3270, "hix": "17.59"}}, {"model": "stock.footballerweeksdata", "pk": 130, "fields": {"week": 8, "footballer": 16, "perfomance": 2574, "hix": "16.89"}}, {"model": "stock.footballerweeksdata", "pk": 131, "fields": {"week": 1, "footballer": 17, "perfomance": 3203, "hix": "20.00"}}, {"model": "stock.footballerweeksdata", "pk": 132, "fields": {"week": 2, "footballer": 17, "perfomance": 2698, "hix": "19.20"}}, {"model": "stock.footballerweeksdata", "pk": 133, "fields": {"week": 3, "footballer": 17, "perfomance": 4329, "hix": "20.74"}}, {"model": "stock.footballerweeksdata", "pk": 134, "fields": {"week": 4, "footballer": 17, "perfomance": 2474, "hix": "18.46"}}, {"model": "stock.footballerweeksdata", "pk": 135, "fields": {"week": 5, "footballer": 17, "perfomance": 2396, "hix": "16.98"}}, {"model": "stock.footballerweeksdata", "pk": 136, "fields": {"week": 6, "footballer": 17, "perfomance": 1745, "hix": "15.96"}}, {"model": "stock.footballerweeksdata", "pk": 137, "fields": {"week": 7, "footballer": 17, "perfomance": 2774, "hix": "17.24"}}, {"model": "stock.footballerweeksdata", "pk": 138, "fields": {"week": 8, "footballer": 17, "perfomance": 4449, "hix": "18.79"}}, {"model": "stock.footballerweeksdata", "pk": 139, "fields": {"week": 1, "footballer": 18, "perfomance": 3748, "hix": "19.54"}}, {"model": "stock.footballerweeksdata", "pk": 140, "fields": {"week": 2, "footballer": 18, "perfomance": 1760, "hix": "18.75"}}, {"model": "stock.footballerweeksdata", "pk": 141, "fields": {"week": 3, "footballer": 18, "perfomance": 3556, "hix": "20.25"}}, {"model": "stock.footballerweeksdata", "pk": 142, "fields": {"week": 4, "footballer": 18, "perfomance": 4279, "hix": "22.89"}}, {"model": "stock.footballerweeksdata", "pk": 143, "fields": {"week": 5, "footballer": 18, "perfomance": 1667, "hix": "21.06"}}, {"model": "stock.footballerweeksdata", "pk": 144, "fields": {"week": 6, "footballer": 18, "perfomance": 1393, "hix": "19.79"}}, {"model": "stock.footballerweeksdata", "pk": 145, "fields": {"week": 7, "footballer": 18, "perfomance": 3869, "hix": "21.38"}}, {"model": "stock.footballerweeksdata", "pk": 146, "fields": {"week": 8, "footballer": 18, "perfomance": 2633, "hix": "20.52"}}, {"model": "stock.footballerweeksdata", "pk": 147, "fields": {"week": 1, "footballer": 19, "perfomance": 2416, "hix": "19.37"}}, {"model": "stock.footballerweeksdata", "pk": 148, "fields": {"week": 2, "footballer": 19, "perfomance": 3096, "hix": "21.89"}}, {"model": "stock.footballerweeksdata", "pk": 149, "fields": {"week": 3, "footballer": 19, "perfomance": 4472, "hix": "23.64"}}, {"model": "stock.footballerweeksdata", "pk": 150, "fields": {"week": 4, "footballer": 19, "perfomance": 1940, "hix": "21.04"}}, {"model": "stock.footballerweeksdata", "pk": 151, "fields": {"week": 5, "footballer": 19, "perfomance": 4079, "hix": "23.98"}}, {"model": "stock.footballerweeksdata", "pk": 152, "fields": {"week": 6, "footballer": 19, "perfomance": 2911, "hix": "22.54"}}, {"model": "stock.footballerweeksdata", "pk": 153, "fields": {"week": 7, "footballer": 19, "perfomance": 1585, "hix": "21.64"}}, {"model": "stock.footballerweeksdata", "pk": 154, "fields": {"week": 8, "footballer": 19, "perfomance": 2164, "hix": "23.59"}}, {"model": "stock.footballerweeksdata", "pk": 155, "fields": {"week": 1, "footballer": 20, "perfomance": 3886, "hix": "19.12"}}, {"model": "stock.footballerweeksdata", "pk": 156, "fields": {"week": 2, "footballer": 20, "perfomance": 2651, "hix": "18.35"}}, {"model": "stock.footballerweeksdata", "pk": 157, "fields": {"week": 3, "footballer": 20, "perfomance": 2314, "hix": "16.88"}}, {"model": "stock.footballerweeksdata", "pk": 158, "fields": {"week": 4, "footballer": 20, "perfomance": 2403, "hix": "19.08"}}, {"model": "stock.footballerweeksdata", "pk": 159, "fields": {"week": 5, "footballer": 20, "perfomance": 4120, "hix": "21.75"}}, {"model": "stock.footballerweeksdata", "pk": 160, "fields": {"week": 6, "footballer": 20, "perfomance": 3929, "hix": "20.44"}}, {"model": "stock.footballerweeksdata", "pk": 161, "fields": {"week": 7, "footballer": 20, "perfomance": 2058, "hix": "19.63"}}, {"model": "stock.footballerweeksdata", "pk": 162, "fields": {"week": 8, "footballer": 20, "perfomance": 1634, "hix": "18.84"}}, {"model": "stock.footballerweeksdata", "pk": 163, "fields": {"week": 9, "footballer": 1, "perfomance": 1, "hix": "21.63"}}, {"model": "stock.footballerweeksdata", "pk": 164, "fields": {"week": 9, "footballer": 2, "perfomance": 1, "hix": "20.77"}}, {"model": "stock.footballerweeksdata", "pk": 165, "fields": {"week": 9, "footballer": 3, "perfomance": 1, "hix": "20.12"}}, {"model": "stock.footballerweeksdata", "pk": 166, "fields": {"week": 9, "footballer": 4, "perfomance": 1, "hix": "19.84"}}, {"model": "stock.footballerweeksdata", "pk": 167, "fields": {"week": 9, "footballer": 5, "perfomance": 1, "hix": "19.39"}}, {"model": "stock.footballerweeksdata", "pk": 168, "fields": {"week": 9, "footballer": 6, "perfomance": 1, "hix": "19.07"}}, {"model": "stock.footballerweeksdata", "pk": 169, "fields": {"week": 9, "footballer": 7, "perfomance": 1, "hix": "18.99"}}, {"model": "stock.footballerweeksdata", "pk": 170, "fields": {"week": 9, "footballer": 8, "perfomance": 1, "hix": "18.85"}}, {"model": "stock.footballerweeksdata", "pk": 171, "fields": {"week": 9, "footballer": 9, "perfomance": 1, "hix": "18.22"}}, {"model": "stock.footballerweeksdata", "pk": 172, "fields": {"week": 9, "footballer": 10, "perfomance": 1, "hix": "18.01"}}, {"model": "stock.footballerweeksdata", "pk": 173, "fields": {"week": 9, "footballer": 11, "perfomance": 1, "hix": "17.86"}}, {"model": "stock.footballerweeksdata", "pk": 174, "fields": {"week": 9, "footballer": 12, "perfomance": 1, "hix": "17.71"}}, {"model": "stock.footballerweeksdata", "pk": 175, "fields": {"week": 9, "footballer": 13, "perfomance": 1, "hix": "17.50"}}, {"model": "stock.footballerweeksdata", "pk": 176, "fields": {"week": 9, "footballer": 14, "perfomance": 1, "hix": "17.34"}}, {"model": "stock.footballerweeksdata", "pk": 177, "fields": {"week": 9, "footballer": 15, "perfomance": 1, "hix": "16.96"}}, {"model": "stock.footballerweeksdata", "pk": 178, "fields": {"week": 9, "footballer": 16, "perfomance": 1, "hix": "16.80"}}, {"model": "stock.footballerweeksdata", "pk": 179, "fields": {"week": 9, "footballer": 17, "perfomance": 1, "hix": "16.67"}}, {"model": "stock.footballerweeksdata", "pk": 180, "fields": {"week": 9, "footballer": 18, "perfomance": 1, "hix": "16.28"}}, {"model": "stock.footballerweeksdata", "pk": 181, "fields": {"week": 9, "footballer": 19, "perfomance": 1, "hix": "16.14"}}, {"model": "stock.footballerweeksdata", "pk": 182, "fields": {"week": 9, "footballer": 20, "perfomance": 1, "hix": "15.93"}}]